Test Case,Input Size,Execution Time (ms) Select Linear,Execution Time (ms) QuickSelect,Comparisons Select Linear,Comparisons QuickSelect,Memory Usage (bytes) Select Linear,Memory Usage (bytes) QuickSelect
Nearly Sorted,500000,6.21152,235.662,1007428,5108885,2000000,11495900
Nearly Sorted,500000,7.48059,222.339,1161703,5102998,2000000,11477412
Nearly Sorted,500000,12.2918,220.544,1756860,5110542,2000000,11490396
Nearly Sorted,500000,5.22589,220.868,893232,5116519,2000000,11505212
Nearly Sorted,500000,4.80273,220.975,839624,5111671,2000000,11492708
Nearly Sorted,500000,5.05588,221.449,884869,5124117,2000000,11523496
Nearly Sorted,500000,15.2456,220.392,2126625,5117697,2000000,11505848
Nearly Sorted,500000,4.19722,217.044,784864,5042313,2000000,11333216
Nearly Sorted,500000,12.4534,222.994,1735984,5121194,2000000,11515776
Nearly Sorted,500000,9.8346,222.173,1449290,5120795,2000000,11513412
Nearly Sorted,500000,4.70198,215.801,838115,4993815,2000000,11240992
Nearly Sorted,500000,4.92607,218.227,870323,5053902,2000000,11368416
Nearly Sorted,500000,7.48355,221.396,1139739,5114493,2000000,11494692
Nearly Sorted,500000,5.96089,225.086,918615,5093787,2000000,11447748
Nearly Sorted,500000,5.49963,224.531,929691,5124682,2000000,11519768
Nearly Sorted,500000,4.52623,236.398,757932,5122640,2000000,11508880
Nearly Sorted,500000,5.82393,227.099,953722,5069093,2000000,11398684
Nearly Sorted,500000,2.07508,224.531,533033,5109704,2000000,11490204
Nearly Sorted,500000,4.18065,224.426,760773,5108995,2000000,11493132
Nearly Sorted,500000,10.0235,225.328,1460248,5103447,2000000,11474724
Nearly Sorted,500000,2.46683,224.029,559963,5111645,2000000,11494916
Nearly Sorted,500000,2.81145,224.077,618783,5111329,2000000,11492548
Nearly Sorted,500000,8.73592,223.598,1332966,5110227,2000000,11488480
Nearly Sorted,500000,9.31799,221.85,1403785,5099859,2000000,11468228
Nearly Sorted,500000,7.17844,221.26,1140202,5115944,2000000,11499604
Nearly Sorted,500000,4.99789,221.517,868754,5128136,2000000,11526048
Nearly Sorted,500000,6.14778,220.859,997315,5107059,2000000,11482992
Nearly Sorted,500000,6.94928,219.146,1092709,5071630,2000000,11409860
Nearly Sorted,500000,9.11231,221.014,1357877,5116059,2000000,11501232
Nearly Sorted,500000,4.2065,220.961,775845,5119664,2000000,11512956
Nearly Sorted,500000,4.54575,220.495,823760,5113526,2000000,11495744
Nearly Sorted,500000,7.43282,221.463,1137917,5068270,2000000,11395192
Nearly Sorted,500000,9.7389,243.957,1430080,5122038,2000000,11517388
Nearly Sorted,500000,2.46518,219.248,564201,5066166,2000000,11397232
Nearly Sorted,500000,9.40377,221.006,1409923,5114043,2000000,11499632
Nearly Sorted,500000,2.04928,220.981,536959,5117797,2000000,11508696
Nearly Sorted,500000,3.87712,200.512,741260,4622215,2000000,10442856
Nearly Sorted,500000,2.96908,223.57,610745,5096648,2000000,11456964
Nearly Sorted,500000,4.95546,227.684,829108,5119470,2000000,11509984
Nearly Sorted,500000,3.83103,222.43,721869,5114802,2000000,11498928
Nearly Sorted,500000,1.98506,220.61,524669,5104649,2000000,11481148
Nearly Sorted,500000,3.61797,221.571,705332,5126353,2000000,11523312
Nearly Sorted,500000,6.01132,222.117,910098,5128970,2000000,11529788
Nearly Sorted,500000,2.01351,226.016,521940,5061714,2000000,11386876
Nearly Sorted,500000,12.894,222.717,1810554,5076081,2000000,11412252
Nearly Sorted,500000,3.1711,222.42,606714,5093461,2000000,11453580
Nearly Sorted,500000,2.6174,225.382,527074,5110422,2000000,11490132
Nearly Sorted,500000,2.44478,225.404,570938,5095706,2000000,11463364
Nearly Sorted,500000,2.34956,199.861,564776,4609069,2000000,10416120
Nearly Sorted,500000,5.64546,221.647,949394,5124137,2000000,11519028
Nearly Sorted,500000,9.90701,223.271,1465429,5105979,2000000,11482892
Nearly Sorted,500000,9.32494,222.571,1381268,5125469,2000000,11522576
Nearly Sorted,500000,6.08773,230.822,991931,5054053,2000000,11364424
Nearly Sorted,500000,2.97599,221.824,628949,5096019,2000000,11459820
Nearly Sorted,500000,6.72144,222.34,1056842,5126989,2000000,11517492
Nearly Sorted,500000,5.79178,219.166,959654,5049955,2000000,11363236
Nearly Sorted,500000,3.92137,221.316,734503,5115721,2000000,11502656
Nearly Sorted,500000,4.52962,225.984,792016,5115986,2000000,11503784
Nearly Sorted,500000,5.32306,229.62,888625,5055948,2000000,11372768
Nearly Sorted,500000,16.2197,226.287,2161667,5112156,2000000,11495404
Nearly Sorted,500000,8.95596,222.558,1329127,5070659,2000000,11401648
Nearly Sorted,500000,12.0935,222.43,1718643,5117811,2000000,11509804
Nearly Sorted,500000,2.39824,221.286,571742,5099774,2000000,11463756
Nearly Sorted,500000,7.47527,221.956,1161688,5121939,2000000,11515236
Nearly Sorted,500000,8.12558,224.542,1236292,5121407,2000000,11511956
Nearly Sorted,500000,6.8591,238.357,898335,5087103,2000000,11440244
Nearly Sorted,500000,3.81543,228.546,716957,5113744,2000000,11498100
Nearly Sorted,500000,3.17157,223.168,646658,5118698,2000000,11512052
Nearly Sorted,500000,11.3931,202.625,1646833,4623874,2000000,10447152
Nearly Sorted,500000,3.49408,221.886,680973,5079001,2000000,11422548
Nearly Sorted,500000,13.3823,222.187,1880610,5098522,2000000,11464368
Nearly Sorted,500000,5.15194,223.992,868780,5114258,2000000,11501780
Nearly Sorted,500000,3.98531,221.877,739272,5109434,2000000,11487748
Nearly Sorted,500000,2.90532,220.524,618738,5094095,2000000,11453736
Nearly Sorted,500000,5.70863,210.882,941208,4868049,2000000,10961396
Nearly Sorted,500000,3.54673,221.894,691594,5110180,2000000,11491224
Nearly Sorted,500000,3.77623,221.709,721572,5105857,2000000,11473368
Nearly Sorted,500000,4.58105,221.944,815182,5117479,2000000,11500380
Nearly Sorted,500000,5.81395,225.279,956773,5099781,2000000,11466220
Nearly Sorted,500000,8.98943,227.248,995729,5111039,2000000,11493216
Nearly Sorted,500000,9.56142,230.189,1432806,5120791,2000000,11511828
Nearly Sorted,500000,2.09404,220.772,538568,5116290,2000000,11509676
Nearly Sorted,500000,2.25528,216.395,554364,4998065,2000000,11247776
Nearly Sorted,500000,9.85414,225.645,1494288,5117788,2000000,11501092
Nearly Sorted,500000,10.3284,221.914,1572257,5095845,2000000,11456872
Nearly Sorted,500000,11.7457,222.515,1689419,5121577,2000000,11518000
Nearly Sorted,500000,2.8281,226.44,612433,5116975,2000000,11496928
Nearly Sorted,500000,2.54786,224.63,565409,5114536,2000000,11502744
Nearly Sorted,500000,9.68107,220.73,1486112,5089802,2000000,11444096
Nearly Sorted,500000,10.1785,223.637,1491407,5093521,2000000,11451412
Nearly Sorted,500000,5.89656,222.751,967886,5113415,2000000,11492376
Nearly Sorted,500000,2.97439,240.075,621633,5121739,2000000,11513336
Nearly Sorted,500000,4.9185,223.368,835833,5091381,2000000,11444096
Nearly Sorted,500000,6.22157,222.501,1027014,5116959,2000000,11505068
Nearly Sorted,500000,6.84772,222.555,1082005,5128571,2000000,11535940
Nearly Sorted,500000,6.89943,225.925,1069321,5109400,2000000,11488728
Nearly Sorted,500000,2.66774,222.718,585675,5109227,2000000,11488832
Nearly Sorted,500000,8.65992,223.628,1302008,5055467,2000000,11369024
Nearly Sorted,500000,6.24661,221.623,1031684,5096725,2000000,11461932
Nearly Sorted,500000,4.53065,220.481,817076,5119318,2000000,11510984
Nearly Sorted,500000,10.4196,220.424,1545297,5115109,2000000,11502524
Nearly Sorted,500000,3.30635,225.54,666348,5107743,2000000,11482672
Nearly Sorted,500000,8.46788,224.865,1279129,5118284,2000000,11510372
Nearly Sorted,500000,7.22514,220.299,1137681,5109785,2000000,11489728
Nearly Sorted,500000,8.75135,219.004,1316857,5069656,2000000,11397240
Nearly Sorted,500000,6.47309,220.083,1075855,5098647,2000000,11466812
Nearly Sorted,500000,5.12647,220.905,884972,5099284,2000000,11466028
Nearly Sorted,500000,10.3647,219.459,1520821,5099061,2000000,11462140
Nearly Sorted,500000,7.41542,219.97,1157544,5104958,2000000,11476084
Nearly Sorted,500000,7.31098,219.913,1150921,5112456,2000000,11497840
Nearly Sorted,500000,7.90478,217.903,1205440,5061844,2000000,11385696
Nearly Sorted,500000,1.93642,222.069,526543,5122127,2000000,11515608
Nearly Sorted,500000,10.7548,219.831,1586167,5101287,2000000,11470276
Nearly Sorted,500000,9.65213,220.673,1442829,5118572,2000000,11510056
Nearly Sorted,500000,3.73127,218.055,723794,5066060,2000000,11397948
Nearly Sorted,500000,3.36426,220.721,677843,5125697,2000000,11522320
Nearly Sorted,500000,3.51033,219.821,694463,5106249,2000000,11486976
Nearly Sorted,500000,6.03681,210.05,1028559,4884296,2000000,11002380
Nearly Sorted,500000,8.09182,200.995,1226230,4616582,2000000,10428980
Nearly Sorted,500000,6.50103,223.976,1045093,5119499,2000000,11512816
Nearly Sorted,500000,6.62064,220.576,1052931,5113397,2000000,11491540
Nearly Sorted,500000,9.33153,221.094,1359167,5095875,2000000,11455704
Nearly Sorted,500000,10.5851,221.433,1534382,5113003,2000000,11502828
Nearly Sorted,500000,1.82206,220.926,517313,5110171,2000000,11493848
Nearly Sorted,500000,3.70114,220.857,714671,5125435,2000000,11529112
Nearly Sorted,500000,11.1544,220.155,1629132,5105958,2000000,11479964
Nearly Sorted,500000,8.44026,220.648,1272607,5107335,2000000,11488736
Nearly Sorted,500000,2.27067,221.076,559423,5119538,2000000,11510808
Nearly Sorted,500000,5.6146,223.63,930009,5078583,2000000,11421096
Nearly Sorted,500000,4.9891,227.162,847923,5095101,2000000,11457016
Nearly Sorted,500000,7.23594,221.85,1130026,5082295,2000000,11433036
Nearly Sorted,500000,12.2542,219.619,1770406,5099009,2000000,11468040
Nearly Sorted,500000,4.71249,220.443,830914,5113665,2000000,11497908
Nearly Sorted,500000,4.24279,220.666,778545,5099696,2000000,11467452
Nearly Sorted,500000,2.34169,221.069,567611,5102521,2000000,11470392
Nearly Sorted,500000,8.23002,221.352,1272787,5128637,2000000,11528888
Nearly Sorted,500000,4.48386,215.868,801959,4998937,2000000,11251568
Nearly Sorted,500000,3.8982,223.944,734406,5129535,2000000,11529084
Nearly Sorted,500000,1.85206,219.939,514292,5089791,2000000,11444912
Nearly Sorted,500000,5.60905,219.243,932715,5089805,2000000,11445568
Nearly Sorted,500000,6.32203,219.664,1031694,5117468,2000000,11502652
Nearly Sorted,500000,5.74516,218.99,960521,5093751,2000000,11451300
Nearly Sorted,500000,3.99811,221.261,749607,5124918,2000000,11521820
Nearly Sorted,500000,4.14803,219.556,767733,5102880,2000000,11469920
Nearly Sorted,500000,1.71862,219.998,507424,5117644,2000000,11507380
Nearly Sorted,500000,5.05617,220.152,876401,5116536,2000000,11500908
Nearly Sorted,500000,5.3266,220.043,915497,5107855,2000000,11484864
Nearly Sorted,500000,3.89546,218.872,742904,5085940,2000000,11437196
Nearly Sorted,500000,4.59416,220.32,819566,5115689,2000000,11502672
Nearly Sorted,500000,2.35999,217.597,570302,5064822,2000000,11390284
Nearly Sorted,500000,2.29349,219.047,562775,5095771,2000000,11458564
Nearly Sorted,500000,4.26468,220.561,788073,5120063,2000000,11509940
Nearly Sorted,500000,5.22166,218.174,905508,5067297,2000000,11396588
Nearly Sorted,500000,7.23249,217.513,1165828,5046305,2000000,11346764
Nearly Sorted,500000,4.82099,219.647,851789,5105588,2000000,11482008
Nearly Sorted,500000,4.33192,217.426,794320,5041554,2000000,11337544
Nearly Sorted,500000,4.49054,220.009,807909,5113564,2000000,11503256
Nearly Sorted,500000,3.84466,199.229,735044,4619400,2000000,10430812
Nearly Sorted,500000,9.25344,220.09,1381332,5108795,2000000,11485948
Nearly Sorted,500000,7.79956,200.284,1230104,4633822,2000000,10466448
Nearly Sorted,500000,4.80846,220.571,845306,5121569,2000000,11513396
Nearly Sorted,500000,5.82273,221.43,985893,5120795,2000000,11506200
Nearly Sorted,500000,2.96288,220.348,638103,5116771,2000000,11502764
Nearly Sorted,500000,6.07811,219.423,1033538,5115219,2000000,11500512
Nearly Sorted,500000,5.99906,219.772,1014386,5110054,2000000,11486800
Nearly Sorted,500000,3.81817,216.996,732270,5047103,2000000,11350112
Nearly Sorted,500000,7.3981,220.073,1187910,5101489,2000000,11471152
Nearly Sorted,500000,4.87789,218.183,862928,5075340,2000000,11414160
Nearly Sorted,500000,7.32108,219.51,1168595,5107071,2000000,11488884
Nearly Sorted,500000,5.37851,220.545,909781,5125215,2000000,11518596
Nearly Sorted,500000,13.7964,221.355,1975016,5118348,2000000,11506812
Nearly Sorted,500000,5.32242,219.57,914276,5105608,2000000,11477792
Nearly Sorted,500000,7.81789,219.44,1216444,5106188,2000000,11480544
Nearly Sorted,500000,8.91936,199.475,1343477,4629687,2000000,10457556
Nearly Sorted,500000,2.49786,198.817,585704,4614395,2000000,10426084
Nearly Sorted,500000,8.36787,217.99,1288412,5060739,2000000,11378132
Nearly Sorted,500000,7.22122,220.523,1135679,5121440,2000000,11509716
Nearly Sorted,500000,6.06621,220.98,993036,5120712,2000000,11514868
Nearly Sorted,500000,11.2109,217.089,1654670,5046786,2000000,11351996
Nearly Sorted,500000,6.22271,220.397,1029647,5120748,2000000,11511100
Nearly Sorted,500000,5.30049,219.906,917019,5107561,2000000,11482400
Nearly Sorted,500000,11.1095,220.501,1622504,5123770,2000000,11520040
Nearly Sorted,500000,4.82601,220.721,854816,5124583,2000000,11513556
Nearly Sorted,500000,6.48104,217.525,1037252,5059821,2000000,11377552
Nearly Sorted,500000,9.75306,223.078,1445539,5074892,2000000,11418976
Nearly Sorted,500000,2.05708,224.082,534037,5117092,2000000,11505956
Nearly Sorted,500000,16.0561,220.684,2253507,5094563,2000000,11453908
Nearly Sorted,500000,5.81514,217.303,958607,5055758,2000000,11372384
Nearly Sorted,500000,2.34359,219.704,571405,5097756,2000000,11460416
Nearly Sorted,500000,9.77874,219.185,1485361,5092383,2000000,11451468
Nearly Sorted,500000,2.59607,221.487,597619,5124050,2000000,11520992
Nearly Sorted,500000,2.85104,218.075,634251,5058086,2000000,11378680
Nearly Sorted,500000,2.6555,220.081,606462,5111823,2000000,11494436
Nearly Sorted,500000,7.49515,220.512,1171690,5114832,2000000,11505412
Nearly Sorted,500000,5.64351,221.122,997125,5124642,2000000,11521248
Nearly Sorted,500000,8.88722,220.437,1352690,5112446,2000000,11496568
Nearly Sorted,500000,6.41026,219.767,1033936,5095264,2000000,11459948
Nearly Sorted,500000,5.50492,222.656,920902,5119727,2000000,11514804
Nearly Sorted,500000,4.96723,223.571,878018,5119212,2000000,11506740
Nearly Sorted,500000,6.24274,205.223,989889,4611185,2000000,10419436
Nearly Sorted,500000,16.4765,220.741,2284209,5113502,2000000,11500512
Nearly Sorted,500000,7.85905,219.202,1237469,5096303,2000000,11460032
Nearly Sorted,500000,3.55845,220.308,700287,5113652,2000000,11500676
Nearly Sorted,500000,3.76001,218.233,735404,5069985,2000000,11397692
Nearly Sorted,500000,2.71821,219.789,619971,5104955,2000000,11472508
Nearly Sorted,500000,5.98143,219.174,991183,5097894,2000000,11470700
Nearly Sorted,500000,2.53412,219.85,587175,5111903,2000000,11494560
Nearly Sorted,500000,7.9336,216.308,1213650,5032259,2000000,11312252
Nearly Sorted,500000,7.98885,222.527,1000681,5128652,2000000,11526260
Nearly Sorted,500000,4.56235,201.494,834453,4624558,2000000,10450052
Nearly Sorted,500000,2.17446,220.907,550635,5119668,2000000,11510848
Nearly Sorted,500000,1.8246,217.661,510267,5066202,2000000,11393248
Nearly Sorted,500000,6.15775,219.574,1024311,5100798,2000000,11465140
Nearly Sorted,500000,6.66597,219.392,1062971,5095349,2000000,11462024
Nearly Sorted,500000,9.67004,219.274,1454807,5097719,2000000,11461848
Nearly Sorted,500000,8.27676,219.371,1272015,5104172,2000000,11479232
Nearly Sorted,500000,8.19798,220.219,1284000,5122189,2000000,11510516
Nearly Sorted,500000,8.12177,220.58,1236817,5118526,2000000,11503452
Nearly Sorted,500000,8.0872,219.89,1243890,5109636,2000000,11487916
Nearly Sorted,500000,1.94255,216.123,527842,5028505,2000000,11310904
Nearly Sorted,500000,2.14936,221.677,549233,5117511,2000000,11506352
Nearly Sorted,500000,10.7486,220.033,1566237,5109792,2000000,11487020
Nearly Sorted,500000,3.27907,219.528,660157,5061828,2000000,11387168
Nearly Sorted,500000,5.06458,220.128,883359,5118741,2000000,11509412
Nearly Sorted,500000,6.66635,220.362,1069227,5121467,2000000,11516456
Nearly Sorted,500000,8.35121,220.544,1258306,5121619,2000000,11511208
Nearly Sorted,500000,6.28062,218.54,1021048,5068249,2000000,11400360
Nearly Sorted,500000,3.73502,224.291,712439,5104963,2000000,11473552
Nearly Sorted,500000,2.30261,221.448,560910,5097820,2000000,11457200
Nearly Sorted,500000,7.35347,220.704,1149299,5118454,2000000,11507768
Nearly Sorted,500000,3.52533,220.725,704841,5118653,2000000,11509824
Nearly Sorted,500000,3.5362,220.832,698980,5118455,2000000,11510308
Nearly Sorted,500000,10.5833,219.738,1560856,5105061,2000000,11478888
Nearly Sorted,500000,5.56661,224.978,924155,5115161,2000000,11494728
Nearly Sorted,500000,8.34691,220.311,1286452,5108825,2000000,11483548
Nearly Sorted,500000,7.26808,219.689,1157850,5103229,2000000,11470032
Nearly Sorted,500000,3.8359,219.683,736382,5112340,2000000,11496836
Nearly Sorted,500000,3.91958,220.044,739874,5111969,2000000,11500084
Nearly Sorted,500000,4.65145,220.282,826119,5115557,2000000,11504256
Nearly Sorted,500000,7.37052,220.146,1184464,5107977,2000000,11480272
Nearly Sorted,500000,7.62756,220.243,1194982,5116781,2000000,11506012
Nearly Sorted,500000,2.14816,220.43,549288,5106174,2000000,11483916
Nearly Sorted,500000,9.29326,220.374,1390601,5122951,2000000,11517036
Nearly Sorted,500000,12.6574,223.567,1838540,5113230,2000000,11496380
Nearly Sorted,500000,4.49032,220.416,811711,5112765,2000000,11495244
Nearly Sorted,500000,6.67868,219.452,1073927,5073630,2000000,11412352
Nearly Sorted,500000,3.55709,220.569,701902,5118858,2000000,11510356
Nearly Sorted,500000,4.32416,219.234,791170,5094468,2000000,11450472
Nearly Sorted,500000,6.88321,220.431,1126285,5110174,2000000,11491616
Nearly Sorted,500000,6.47148,219.038,1074624,5089956,2000000,11445608
Nearly Sorted,500000,8.93545,220.7,1353942,5110147,2000000,11487016
Nearly Sorted,500000,2.05252,213.589,539058,4964542,2000000,11179880
Nearly Sorted,500000,7.69252,220.848,1186284,5125036,2000000,11518720
Nearly Sorted,500000,2.18519,220.423,551167,5115070,2000000,11499140
Nearly Sorted,500000,2.93397,220.195,632355,5116096,2000000,11507032
Nearly Sorted,500000,11.6701,220.245,1698170,5119836,2000000,11511988
Nearly Sorted,500000,9.57066,219.862,1425053,5113504,2000000,11498828
Nearly Sorted,500000,7.91381,220.204,1232275,5116484,2000000,11504012
Nearly Sorted,500000,6.71495,220.308,1081990,5119565,2000000,11511644
Nearly Sorted,500000,6.79296,220.107,1071981,5095277,2000000,11455592
Nearly Sorted,500000,3.2314,225.417,661750,5106336,2000000,11480880
Nearly Sorted,500000,4.71283,218.343,828650,5054801,2000000,11373196
Nearly Sorted,500000,4.93397,219.212,857897,5064589,2000000,11388296
Nearly Sorted,500000,1.96307,222.418,528816,5114315,2000000,11501176
Nearly Sorted,500000,8.09521,220.358,1241557,5119852,2000000,11511440
Nearly Sorted,500000,9.05499,220.29,1368965,5122043,2000000,11518040
Nearly Sorted,500000,2.22267,220.035,559675,5112605,2000000,11495944
Nearly Sorted,500000,3.13083,216.854,653408,5047753,2000000,11347432
Nearly Sorted,500000,5.54702,220.06,935135,5111781,2000000,11497260
Nearly Sorted,500000,5.15455,219.844,896608,5108060,2000000,11488776
Nearly Sorted,500000,2.28543,222.557,554157,5121993,2000000,11507040
Nearly Sorted,500000,3.32923,217.203,678838,5042967,2000000,11339896
Nearly Sorted,500000,2.79263,219.387,627200,5095502,2000000,11458004
Nearly Sorted,500000,5.80718,219.943,970062,5111470,2000000,11494388
Nearly Sorted,500000,5.81997,221.541,1000327,5095317,2000000,11450968
Nearly Sorted,500000,3.41648,223.21,682933,5131748,2000000,11535340
Nearly Sorted,500000,5.5143,221.45,930307,5110264,2000000,11494912
Nearly Sorted,500000,5.76186,220.799,933442,5117450,2000000,11501276
Nearly Sorted,500000,1.82419,220.804,514195,5110492,2000000,11492276
Nearly Sorted,500000,2.94634,220.022,641526,5113577,2000000,11494280
Nearly Sorted,500000,14.317,219.467,2000704,5103100,2000000,11474132
Nearly Sorted,500000,10.7969,225.221,1568332,5127063,2000000,11524796
Nearly Sorted,500000,7.85636,221.773,1211285,5111508,2000000,11491576
Nearly Sorted,500000,9.80884,221.471,1445944,5120943,2000000,11508092
Nearly Sorted,500000,8.2513,219.875,1261258,5108123,2000000,11487548
Nearly Sorted,500000,3.05226,225.091,639140,5124939,2000000,11517940
Nearly Sorted,500000,8.39509,220.88,1271109,5120044,2000000,11516156
Nearly Sorted,500000,5.01653,220.561,872099,5064585,2000000,11387380
Nearly Sorted,500000,7.90521,222.25,1251766,5125509,2000000,11523588
Nearly Sorted,500000,5.92634,222.431,999962,5105931,2000000,11477460
Nearly Sorted,500000,3.89622,220.322,742026,5114249,2000000,11493684
Nearly Sorted,500000,3.35152,219.585,672882,5053747,2000000,11364468
Nearly Sorted,500000,10.3001,223.778,1511503,5125015,2000000,11521976
Nearly Sorted,500000,4.61721,221.598,827483,5120721,2000000,11512828
Nearly Sorted,500000,1.81385,220.31,513223,5095817,2000000,11452716
Nearly Sorted,500000,8.22301,222.906,1250652,5123269,2000000,11518340
Nearly Sorted,500000,8.40719,220.623,1282711,5111857,2000000,11494984
Nearly Sorted,500000,2.41309,220.099,584664,5101623,2000000,11469196
Nearly Sorted,500000,4.35684,220.428,789828,5118192,2000000,11502200
Nearly Sorted,500000,6.90418,200.742,1088819,4626250,2000000,10455860
Nearly Sorted,500000,2.1512,217.543,549530,5036297,2000000,11331368
Nearly Sorted,500000,1.99519,219.14,532622,5079315,2000000,11416376
Nearly Sorted,500000,8.97854,220.86,1365811,5117591,2000000,11502728
Nearly Sorted,500000,2.20919,221.249,553181,5125892,2000000,11524504
Nearly Sorted,500000,7.97123,219.821,1259900,5072409,2000000,11411820
Nearly Sorted,500000,9.36155,221.207,1405544,5126826,2000000,11525532
Nearly Sorted,500000,7.6558,221.079,1210723,5122919,2000000,11515096
Nearly Sorted,500000,6.51452,220.349,1063019,5116136,2000000,11500404
Nearly Sorted,500000,8.03395,220.863,1232459,5121087,2000000,11513496
Nearly Sorted,500000,5.95086,222.354,1024845,5091394,2000000,11449900
Nearly Sorted,500000,3.42641,217.705,691840,5051900,2000000,11368920
Nearly Sorted,500000,6.03365,223.527,1003417,5128648,2000000,11525140
Nearly Sorted,500000,2.78531,221.616,621764,5117324,2000000,11507184
Nearly Sorted,500000,3.04995,222.22,646707,5126136,2000000,11524436
Nearly Sorted,500000,6.4445,220.901,1067769,5102259,2000000,11473844
Nearly Sorted,500000,2.24107,200.52,555161,4621403,2000000,10441796
Nearly Sorted,500000,1.90265,223.331,520257,5122226,2000000,11515264
Nearly Sorted,500000,6.99524,219.504,1106095,5052367,2000000,11356220
Nearly Sorted,500000,4.00148,218.993,754724,5076836,2000000,11417856
Nearly Sorted,500000,7.15983,219.995,1130069,5113232,2000000,11495736
Nearly Sorted,500000,8.31255,222.213,1260744,5121392,2000000,11513056
Nearly Sorted,500000,4.70778,220.55,830961,5088248,2000000,11436900
Nearly Sorted,500000,4.17829,218.431,780152,5069625,2000000,11399812
Nearly Sorted,500000,8.51428,220.578,1315176,5113875,2000000,11501072
Nearly Sorted,500000,6.78986,220.266,1092944,5114606,2000000,11490588
Nearly Sorted,500000,2.285,219.975,563302,5104912,2000000,11480308
Nearly Sorted,500000,5.32651,219.884,930836,5111367,2000000,11494220
Nearly Sorted,500000,3.50177,219.852,696549,5101365,2000000,11470776
Nearly Sorted,500000,5.04736,220.968,876373,5124313,2000000,11522384
Nearly Sorted,500000,5.14017,219.396,889467,5101563,2000000,11470584
Nearly Sorted,500000,3.2069,219.589,663434,5097264,2000000,11465824
Nearly Sorted,500000,6.90885,219.579,1112977,5098436,2000000,11457896
Nearly Sorted,500000,2.49373,216.468,587283,5028312,2000000,11305816
Nearly Sorted,500000,3.12204,219.719,663581,5109260,2000000,11498836
Nearly Sorted,500000,6.03247,220.911,991581,5116830,2000000,11507452
Nearly Sorted,500000,4.42496,216.651,801486,5037853,2000000,11331676
Nearly Sorted,500000,10.7294,220.275,1583343,5116815,2000000,11501032
Nearly Sorted,500000,7.41967,219.142,1166371,5095157,2000000,11458936
Nearly Sorted,500000,4.8817,219.373,853278,5097153,2000000,11459376
Nearly Sorted,500000,8.31687,220.358,1272995,5111543,2000000,11497344
Nearly Sorted,500000,3.75924,220.343,733441,5119944,2000000,11512224
Nearly Sorted,500000,5.8938,219.353,979129,5099041,2000000,11465956
Nearly Sorted,500000,8.60368,217.891,1324998,5064383,2000000,11386736
Nearly Sorted,500000,8.56031,219.657,1325478,5101800,2000000,11466780
Nearly Sorted,500000,4.568,220.503,822215,5126075,2000000,11520900
Nearly Sorted,500000,2.98373,220.154,634849,5112024,2000000,11499336
Nearly Sorted,500000,9.12406,218.774,1365235,5091995,2000000,11451940
Nearly Sorted,500000,6.86608,219.97,1088495,5102156,2000000,11467708
Nearly Sorted,500000,7.81843,221.172,1214963,5127665,2000000,11529800
Nearly Sorted,500000,3.76378,218.56,723227,5074340,2000000,11409948
Nearly Sorted,500000,2.65383,219.742,602343,5092915,2000000,11445756
Nearly Sorted,500000,2.86537,218.777,629255,5085717,2000000,11438976
Nearly Sorted,500000,8.11325,219.436,1257364,5109433,2000000,11492088
Nearly Sorted,500000,2.75845,219.579,610664,5107904,2000000,11480488
Nearly Sorted,500000,3.92203,221.365,736926,5121405,2000000,11514884
Nearly Sorted,500000,2.61877,219.302,600726,5078461,2000000,11417240
Nearly Sorted,500000,3.42886,220.407,689317,5116948,2000000,11509208
Nearly Sorted,500000,2.95405,219.864,635342,5107437,2000000,11490440
Nearly Sorted,500000,4.32775,219.576,783531,5083350,2000000,11436212
Nearly Sorted,500000,2.70856,221.292,611587,5106297,2000000,11480984
Nearly Sorted,500000,7.17633,221.782,1127654,5124716,2000000,11517792
Nearly Sorted,500000,9.71311,221.45,1442898,5118059,2000000,11509116
Nearly Sorted,500000,9.47906,220.164,1411290,5107162,2000000,11488344
Nearly Sorted,500000,5.76044,201.274,958224,4620805,2000000,10439800
Nearly Sorted,500000,2.0066,216.568,533237,5000601,2000000,11246916
Nearly Sorted,500000,8.20515,220.564,1271943,5114823,2000000,11499712
Nearly Sorted,500000,4.43998,219.939,802093,5102994,2000000,11471688
Nearly Sorted,500000,6.94758,218.743,1144674,5076509,2000000,11413924
Nearly Sorted,500000,7.0773,218.132,1115395,5061451,2000000,11387028
Nearly Sorted,500000,6.79115,220.378,1122044,5118935,2000000,11510792
Nearly Sorted,500000,11.4091,219.11,1641859,5100407,2000000,11471388
Nearly Sorted,500000,7.34126,220.633,1148330,5113556,2000000,11498232
Nearly Sorted,500000,3.71622,220.697,720878,5120273,2000000,11509964
Nearly Sorted,500000,6.05504,220.516,994404,5100305,2000000,11465156
Nearly Sorted,500000,13.305,220.951,1887919,5118569,2000000,11510092
Nearly Sorted,500000,6.79427,198.279,1087754,4584940,2000000,10370328
Nearly Sorted,500000,9.48099,222.222,1436295,5054701,2000000,11366840
Nearly Sorted,500000,3.51573,218.706,698958,5071377,2000000,11405052
Nearly Sorted,500000,8.03644,220.105,1249123,5112634,2000000,11497540
Nearly Sorted,500000,2.38743,221.409,570558,5125635,2000000,11519228
Nearly Sorted,500000,5.47966,217.001,916113,5040849,2000000,11341580
Nearly Sorted,500000,7.98412,220.656,1243584,5125315,2000000,11519216
Nearly Sorted,500000,9.50718,223.625,1404439,5106404,2000000,11482024
Nearly Sorted,500000,7.42143,220.474,1164062,5118661,2000000,11510004
Nearly Sorted,500000,12.9842,219.831,1886839,5099479,2000000,11466536
Nearly Sorted,500000,6.53458,220.461,1083531,5121069,2000000,11512692
Nearly Sorted,500000,4.04267,218.69,766706,5087585,2000000,11433688
Nearly Sorted,500000,3.14336,199.055,658429,4622176,2000000,10448464
Nearly Sorted,500000,3.45619,219.881,691564,5108085,2000000,11489500
Nearly Sorted,500000,4.93827,219.157,862715,5100894,2000000,11472568
Nearly Sorted,500000,3.28594,221.67,668689,5115251,2000000,11498900
Nearly Sorted,500000,6.95887,223.123,1114602,5110337,2000000,11497940
Nearly Sorted,500000,5.16191,221.236,877261,5119108,2000000,11510116
Nearly Sorted,500000,4.63407,224.376,818143,5120370,2000000,11511420
Nearly Sorted,500000,8.65737,221.163,1322632,5124979,2000000,11518788
Nearly Sorted,500000,3.62253,220.427,714580,5116665,2000000,11506216
Nearly Sorted,500000,8.00629,220.662,1247570,5122452,2000000,11514052
Nearly Sorted,500000,3.51182,220.075,691740,5116599,2000000,11507664
Nearly Sorted,500000,2.66188,224.463,597622,5127399,2000000,11527336
Nearly Sorted,500000,2.43359,220.8,576683,5118728,2000000,11508408
Nearly Sorted,500000,6.81641,220.469,1090391,5110406,2000000,11491700
Nearly Sorted,500000,8.24007,215.99,1258410,5014541,2000000,11282440
Nearly Sorted,500000,6.02395,221.263,983407,5086916,2000000,11440916
Nearly Sorted,500000,2.70025,222.615,600739,5120223,2000000,11516840
Nearly Sorted,500000,2.86989,221.772,616135,5066592,2000000,11398952
Nearly Sorted,500000,9.41282,227.735,1390960,5115928,2000000,11501120
Nearly Sorted,500000,3.37406,219.481,672668,5066413,2000000,11394488
Nearly Sorted,500000,3.28363,220.92,658104,5102986,2000000,11482816
Nearly Sorted,500000,2.42635,221.873,571222,5112579,2000000,11498312
Nearly Sorted,500000,16.168,218.624,2247802,5064672,2000000,11389004
Nearly Sorted,500000,5.54423,220.643,955607,5098171,2000000,11461572
Nearly Sorted,500000,8.42377,217.231,1292071,5012759,2000000,11277828
Nearly Sorted,500000,9.77159,221.667,1452035,5127988,2000000,11529168
Nearly Sorted,500000,8.45822,220.956,1276092,5116756,2000000,11505652
Nearly Sorted,500000,2.46788,219.935,581114,5111666,2000000,11488288
Nearly Sorted,500000,5.56502,211.231,933901,4874628,2000000,10977608
Nearly Sorted,500000,4.33402,222.263,780989,5114420,2000000,11499340
Nearly Sorted,500000,4.49913,221.752,811788,5117630,2000000,11503488
Nearly Sorted,500000,4.89169,219.828,852290,5083934,2000000,11433488
Nearly Sorted,500000,11.7136,220.779,1703179,5121837,2000000,11517596
Nearly Sorted,500000,7.38667,220.592,1171368,5113826,2000000,11490624
Nearly Sorted,500000,6.64722,220.886,1070511,5116519,2000000,11506364
Nearly Sorted,500000,4.28837,220.788,792109,5120156,2000000,11508204
Nearly Sorted,500000,10.7086,217.771,1568606,5061864,2000000,11386116
Nearly Sorted,500000,10.0438,220.2,1491911,5112655,2000000,11491384
Nearly Sorted,500000,9.00044,220.685,1348995,5119156,2000000,11509716
Nearly Sorted,500000,2.47216,220.295,584201,5122581,2000000,11522032
Nearly Sorted,500000,4.68806,219.924,843048,5113235,2000000,11503132
Nearly Sorted,500000,6.08006,220.215,1002343,5112173,2000000,11489496
Nearly Sorted,500000,8.16575,218.424,1254139,5074710,2000000,11417996
Nearly Sorted,500000,5.7678,225.46,940270,5114152,2000000,11494288
Nearly Sorted,500000,4.09819,218.656,764540,5051799,2000000,11357956
Nearly Sorted,500000,14.98,219.914,2121606,5095533,2000000,11456132
Nearly Sorted,500000,3.95949,199.518,750466,4624963,2000000,10447952
Nearly Sorted,500000,2.10305,221.128,548887,5124384,2000000,11524344
Nearly Sorted,500000,6.86572,217.202,1091693,5040695,2000000,11331040
Nearly Sorted,500000,4.12538,225.434,744198,5118667,2000000,11506984
Nearly Sorted,500000,6.25332,222.056,1014418,5063467,2000000,11391276
Nearly Sorted,500000,12.1476,220.251,1739098,5111268,2000000,11488476
Nearly Sorted,500000,4.96074,221.16,858617,5119067,2000000,11505908
Nearly Sorted,500000,10.378,221.043,1537163,5119924,2000000,11513844
Nearly Sorted,500000,6.08629,220.562,998132,5108164,2000000,11484396
Nearly Sorted,500000,9.93655,217.338,1509202,5039640,2000000,11331508
Nearly Sorted,500000,10.4421,220.507,1539883,5124980,2000000,11518416
Nearly Sorted,500000,3.08844,219.26,661924,5098945,2000000,11457904
Nearly Sorted,500000,4.40381,219.862,803135,5110796,2000000,11496612
Nearly Sorted,500000,7.56521,220.242,1167772,5117289,2000000,11500396
Nearly Sorted,500000,3.08697,220.047,645888,5112195,2000000,11497496
Nearly Sorted,500000,13.9115,220.017,1961745,5120520,2000000,11512764
Nearly Sorted,500000,11.5319,220.343,1293945,5119617,2000000,11509460
Nearly Sorted,500000,4.74711,225.702,836040,5118828,2000000,11506500
Nearly Sorted,500000,2.22415,220.578,562178,5124136,2000000,11515712
Nearly Sorted,500000,7.21655,219.036,1144124,5093929,2000000,11463852
Nearly Sorted,500000,6.47151,220.269,1052059,5113715,2000000,11493320
Nearly Sorted,500000,9.72193,199.118,1441355,4622384,2000000,10442744
Nearly Sorted,500000,2.36497,219.711,577318,5112396,2000000,11498440
Nearly Sorted,500000,3.79406,226.82,719632,5096790,2000000,11462672
Nearly Sorted,500000,4.87495,221.502,839213,5089996,2000000,11439848
Nearly Sorted,500000,5.37663,221.581,920883,5122693,2000000,11517524
Nearly Sorted,500000,5.72239,220.176,946940,5112245,2000000,11497588
Nearly Sorted,500000,2.53414,219.733,586100,5097591,2000000,11459200
Nearly Sorted,500000,8.95466,219.023,1411062,5067711,2000000,11398192
Nearly Sorted,500000,7.30513,220.379,1179425,5116705,2000000,11499756
Nearly Sorted,500000,5.47671,220.553,922958,5118196,2000000,11506396
Nearly Sorted,500000,4.45412,221.488,804327,5113772,2000000,11499856
Nearly Sorted,500000,2.91308,220.436,638581,5085467,2000000,11437828
Nearly Sorted,500000,3.9494,226.319,737641,5114365,2000000,11502256
Nearly Sorted,500000,3.4604,223.999,690197,5102056,2000000,11471680
Nearly Sorted,500000,5.01184,221.058,887399,5124104,2000000,11520928
Nearly Sorted,500000,3.87236,217.243,740444,5046650,2000000,11354392
Nearly Sorted,500000,6.05464,219.447,996925,5102389,2000000,11471032
Nearly Sorted,500000,4.80587,197.737,848482,4581850,2000000,10347916
Nearly Sorted,500000,12.7038,226.486,1687138,5120374,2000000,11511804
Nearly Sorted,500000,8.33608,223.079,1278102,5124433,2000000,11517848
Nearly Sorted,500000,6.47842,220.236,1059556,5094528,2000000,11456404
Nearly Sorted,500000,3.2632,221.375,659552,5126007,2000000,11523948
Nearly Sorted,500000,3.97591,220.504,745033,5112801,2000000,11497128
Nearly Sorted,500000,6.1769,220.677,1014275,5112758,2000000,11499224
Nearly Sorted,500000,5.76233,220.944,964136,5113387,2000000,11496460
Nearly Sorted,500000,8.23577,221.001,1260990,5117611,2000000,11507020
Nearly Sorted,500000,9.58705,220.033,1459667,5116152,2000000,11498332
Nearly Sorted,500000,6.0965,219.847,1000439,5113511,2000000,11499264
Nearly Sorted,500000,1.96873,217.537,530817,5053653,2000000,11366748
Nearly Sorted,500000,8.15255,220.053,1260802,5114136,2000000,11496460
Nearly Sorted,500000,3.58335,220.132,701694,5110538,2000000,11496520
Nearly Sorted,500000,9.64994,213.318,1438521,4954136,2000000,11156344
Nearly Sorted,500000,4.77821,219.874,853302,5110889,2000000,11493952
Nearly Sorted,500000,4.66079,220.382,837891,5117872,2000000,11507892
Nearly Sorted,500000,8.50235,220.417,1293953,5119768,2000000,11511112
Nearly Sorted,500000,8.79406,220.701,1354805,5122717,2000000,11516688
Nearly Sorted,500000,8.14557,220.222,1264153,5114737,2000000,11499504
Nearly Sorted,500000,5.21348,217.947,921216,5070739,2000000,11393432
Nearly Sorted,500000,6.27099,199.015,1034695,4605428,2000000,10411428
Nearly Sorted,500000,5.14939,220.022,892279,5113382,2000000,11498688
Nearly Sorted,500000,2.22331,220.009,553863,5113117,2000000,11488512
Nearly Sorted,500000,3.24371,219.907,666963,5113669,2000000,11499580
Nearly Sorted,500000,10.4033,220.229,1527439,5117590,2000000,11508572
Nearly Sorted,500000,9.28632,217.964,1394157,5072903,2000000,11408936
Nearly Sorted,500000,5.97585,219.109,985429,5091769,2000000,11447916
Nearly Sorted,500000,2.51818,217.578,589269,5055574,2000000,11366344
Nearly Sorted,500000,3.95531,220.291,749721,5114942,2000000,11500112
Nearly Sorted,500000,6.67298,219.8,1070444,5101531,2000000,11473208
Nearly Sorted,500000,4.76911,218.35,836657,5072467,2000000,11405392
Nearly Sorted,500000,4.45479,220.788,803660,5125444,2000000,11521808
Nearly Sorted,500000,8.97432,199.208,1398017,4626740,2000000,10455524
Nearly Sorted,500000,10.3306,220.349,1515010,5117538,2000000,11503528
Nearly Sorted,500000,8.01047,219.836,1228049,5111795,2000000,11497228
Nearly Sorted,500000,2.63248,217.406,599794,5055182,2000000,11371152
Nearly Sorted,500000,8.88269,219.094,1362443,5102467,2000000,11468292
Nearly Sorted,500000,9.87527,218.525,1466301,5072595,2000000,11404308
Nearly Sorted,500000,4.6075,219.45,834633,5102626,2000000,11468648
Nearly Sorted,500000,3.0581,220.814,643492,5122295,2000000,11515588
Nearly Sorted,500000,3.80782,220.238,732299,5113512,2000000,11498080
Nearly Sorted,500000,4.83533,219.857,868159,5105175,2000000,11481260
Nearly Sorted,500000,2.47066,220.663,577361,5120473,2000000,11508896
Nearly Sorted,500000,7.80761,221.018,1202765,5105772,2000000,11486652
Nearly Sorted,500000,4.83879,222.418,848626,5114268,2000000,11498088
Nearly Sorted,500000,4.40352,219.978,813629,5101717,2000000,11476088
Nearly Sorted,500000,12.2089,196.013,1760375,4557294,2000000,10307344
Nearly Sorted,500000,2.17587,220.275,555688,5116661,2000000,11505532
Nearly Sorted,500000,4.45204,220.572,804611,5104407,2000000,11480804
Nearly Sorted,500000,4.43507,218.689,816643,5073408,2000000,11403328
Nearly Sorted,500000,11.9871,220.679,1728612,5119113,2000000,11506244
Nearly Sorted,500000,2.24704,221.521,562368,5123850,2000000,11520060
Nearly Sorted,500000,2.2145,220.213,554386,5104341,2000000,11479292
Nearly Sorted,500000,5.35609,220.541,910733,5123032,2000000,11516392
Nearly Sorted,500000,7.93092,228.587,1252301,5086195,2000000,11439120
Nearly Sorted,500000,16.3477,222.733,2259018,5102393,2000000,11472324
Nearly Sorted,500000,8.98101,221.14,1338639,5118605,2000000,11511376
Nearly Sorted,500000,3.31003,221.076,630835,5098763,2000000,11462368
Nearly Sorted,500000,8.40582,221.493,1276624,5125426,2000000,11525604
Nearly Sorted,500000,7.95506,219.666,1245910,5086614,2000000,11437648
Nearly Sorted,500000,2.70216,219.737,609166,5101950,2000000,11483668
Nearly Sorted,500000,2.04058,220.659,540462,5103676,2000000,11473360
Nearly Sorted,500000,6.14472,221.008,1005323,5120208,2000000,11509788
Nearly Sorted,500000,6.0283,216.079,995016,4997033,2000000,11241196
Nearly Sorted,500000,11.6857,221.459,1684393,5116723,2000000,11510868
Nearly Sorted,500000,3.40093,218.945,690334,5041009,2000000,11333312
Nearly Sorted,500000,5.51152,220.007,933795,5099399,2000000,11465552
Nearly Sorted,500000,2.07677,209.553,540157,4853657,2000000,10933052
Nearly Sorted,500000,9.26345,220.851,1389149,5119953,2000000,11513032
Nearly Sorted,500000,4.96292,220.149,873076,5109907,2000000,11487092
Nearly Sorted,500000,2.22387,220.714,559957,5118492,2000000,11506448
Nearly Sorted,500000,8.15743,220.595,1243025,5098376,2000000,11468112
Nearly Sorted,500000,15.1707,220.337,2038244,5117148,2000000,11500256
Nearly Sorted,500000,6.19914,220.57,1022890,5121912,2000000,11511700
Nearly Sorted,500000,2.19466,219.074,556895,5093817,2000000,11455284
Nearly Sorted,500000,3.07246,220.522,652819,5119117,2000000,11510396
Nearly Sorted,500000,6.28367,197.177,1017105,4567894,2000000,10324344
Nearly Sorted,500000,10.3587,219.727,1531154,5103079,2000000,11478824
Nearly Sorted,500000,4.991,220.003,873622,5090624,2000000,11449976
Nearly Sorted,500000,7.95711,215.689,1247113,4996357,2000000,11239592
Nearly Sorted,500000,3.48643,220.976,705550,5125903,2000000,11523860
Nearly Sorted,500000,4.63104,221.209,822505,5115908,2000000,11499140
Nearly Sorted,500000,3.54171,220.988,707715,5123337,2000000,11516832
Nearly Sorted,500000,7.25317,222.023,1131853,5112683,2000000,11491144
Nearly Sorted,500000,2.7052,218.695,609741,5064884,2000000,11393024
Nearly Sorted,500000,7.1982,220.376,1142115,5113990,2000000,11497500
Nearly Sorted,500000,2.95283,220.409,627916,5120216,2000000,11501980
Nearly Sorted,500000,4.55503,200.984,813688,4627396,2000000,10454156
Nearly Sorted,500000,1.79973,218.583,575671,5084426,2000000,11432272
Nearly Sorted,500000,3.60656,217.235,774364,5113843,2000000,11503324
Nearly Sorted,500000,9.89438,216.962,1549070,5116456,2000000,11506640
Nearly Sorted,500000,13.218,217.383,1962220,5117130,2000000,11501172
Nearly Sorted,500000,6.7838,216.422,1170983,5090730,2000000,11453080
Nearly Sorted,500000,5.30978,221.719,967898,5115899,2000000,11503504
Nearly Sorted,500000,8.86918,218.12,1409350,5116162,2000000,11499528
Nearly Sorted,500000,3.79505,216.741,800421,5110831,2000000,11492308
Nearly Sorted,500000,2.08544,217.218,605728,5117856,2000000,11509860
Nearly Sorted,500000,2.73731,217.164,689497,5116457,2000000,11507156
Nearly Sorted,500000,6.33521,217.83,1115197,5120333,2000000,11512872
Nearly Sorted,500000,5.43919,216.882,1010422,5110002,2000000,11487772
Nearly Sorted,500000,7.09032,216.388,1199718,5108702,2000000,11490588
Nearly Sorted,500000,4.67356,218.316,916946,5127721,2000000,11533240
Nearly Sorted,500000,1.05603,216.92,501425,5109465,2000000,11482472
Nearly Sorted,500000,1.3697,217.135,527938,5102518,2000000,11470752
Nearly Sorted,500000,3.09761,216.473,732273,5099421,2000000,11466212
Nearly Sorted,500000,3.78154,217.798,805076,5122140,2000000,11516540
Nearly Sorted,500000,5.55986,217.614,1003340,5101476,2000000,11479736
Nearly Sorted,500000,7.44588,223.195,1222398,5117779,2000000,11504900
Nearly Sorted,500000,5.75708,217.696,1034855,5120760,2000000,11517244
Nearly Sorted,500000,3.5104,218.737,753388,5121702,2000000,11515336
Nearly Sorted,500000,10.2943,217.978,1608780,5120354,2000000,11512252
Nearly Sorted,500000,3.80747,217.428,800897,5122014,2000000,11514384
Nearly Sorted,500000,5.462,218.11,987519,5114900,2000000,11499848
Nearly Sorted,500000,7.94062,218.883,1298474,5124239,2000000,11517748
Nearly Sorted,500000,4.23997,216.029,849415,5085242,2000000,11434428
Nearly Sorted,500000,10.3594,222.262,1527989,5118069,2000000,11511632
Nearly Sorted,500000,9.4463,217.619,1508321,5125124,2000000,11520528
Nearly Sorted,500000,6.3469,217.68,1068158,5113528,2000000,11496312
Nearly Sorted,500000,4.01956,217.818,831086,5092245,2000000,11447756
Nearly Sorted,500000,5.56297,217.59,1006388,5111207,2000000,11493460
Nearly Sorted,500000,11.148,218.363,1695314,5120302,2000000,11511576
Nearly Sorted,500000,4.35445,216.966,865272,5113294,2000000,11496152
Nearly Sorted,500000,4.25305,216.337,860514,5102683,2000000,11472032
Nearly Sorted,500000,2.85767,216.489,687386,5101313,2000000,11471876
Nearly Sorted,500000,6.96498,196.312,1206351,4628750,2000000,10454080
Nearly Sorted,500000,3.30012,220.666,737106,5059371,2000000,11374668
Nearly Sorted,500000,11.2025,211.927,1689788,4953290,2000000,11146644
Nearly Sorted,500000,9.223,216.209,1454547,5064515,2000000,11385868
Nearly Sorted,500000,7.35433,217.481,1233235,5076556,2000000,11412900
Nearly Sorted,500000,5.27906,209.927,969609,4939625,2000000,11120672
Nearly Sorted,500000,4.90179,217.051,927054,5094287,2000000,11459344
Nearly Sorted,500000,5.50488,217.539,996349,5115576,2000000,11500500
Nearly Sorted,500000,7.91712,217.299,1293828,5109883,2000000,11486088
Nearly Sorted,500000,1.70975,216.491,566565,5099978,2000000,11470632
Nearly Sorted,500000,5.83456,200.638,978273,4619378,2000000,10434416
Nearly Sorted,500000,2.77146,217.882,685686,5111903,2000000,11496760
Nearly Sorted,500000,4.96868,220.689,945704,5125383,2000000,11528588
Nearly Sorted,500000,8.06365,216.151,1313143,5069780,2000000,11399480
Nearly Sorted,500000,4.38981,215.486,884522,5069949,2000000,11401596
Nearly Sorted,500000,1.8534,219.758,584294,5109534,2000000,11489260
Nearly Sorted,500000,3.66998,219.656,770379,5129010,2000000,11530444
Nearly Sorted,500000,5.49299,217.907,992270,5095800,2000000,11460736
Nearly Sorted,500000,6.43506,217.901,1089839,5108657,2000000,11488160
Nearly Sorted,500000,7.529,216.963,1246393,5104789,2000000,11480496
Nearly Sorted,500000,8.19834,217.597,1334353,5109345,2000000,11490024
Nearly Sorted,500000,5.1677,218.313,969869,5090043,2000000,11449908
Nearly Sorted,500000,2.21222,217.495,619472,5112361,2000000,11493188
Nearly Sorted,500000,3.12248,217.637,725730,5120743,2000000,11512864
Nearly Sorted,500000,6.05972,216.777,1064841,5105686,2000000,11481180
Nearly Sorted,500000,8.0434,217.773,1278050,5109312,2000000,11488352
Nearly Sorted,500000,3.40476,219.571,755458,5130335,2000000,11539024
Nearly Sorted,500000,12.0153,223.155,1810649,5110430,2000000,11493160
Nearly Sorted,500000,5.61148,217.211,1023014,5115107,2000000,11503116
Nearly Sorted,500000,1.57129,217.55,551439,5119449,2000000,11508916
Nearly Sorted,500000,4.54836,217.202,884016,5115775,2000000,11497272
Nearly Sorted,500000,10.3248,220.848,1588125,5111705,2000000,11489420
Nearly Sorted,500000,5.63522,213.988,1022567,5051425,2000000,11354528
Nearly Sorted,500000,3.06184,215.275,726142,5076473,2000000,11412232
Nearly Sorted,500000,2.36348,216.942,634510,5103580,2000000,11463900
Nearly Sorted,500000,2.59911,218.143,661861,5123048,2000000,11515724
Nearly Sorted,500000,1.29312,216.758,521916,5107017,2000000,11475936
Nearly Sorted,500000,2.00987,217.726,596392,5113028,2000000,11495828
Nearly Sorted,500000,4.65973,214.792,899418,5063141,2000000,11382824
Nearly Sorted,500000,4.72076,219.981,932127,5119878,2000000,11512028
Nearly Sorted,500000,1.7761,216.536,570619,5100831,2000000,11470120
Nearly Sorted,500000,7.14298,222.421,1198254,5118765,2000000,11505444
Nearly Sorted,500000,4.85085,222.315,904515,5111810,2000000,11495720
Nearly Sorted,500000,8.04215,219.685,1272002,5121435,2000000,11514508
Nearly Sorted,500000,5.20748,218.702,967529,5051610,2000000,11357480
Nearly Sorted,500000,6.59753,224.778,1118028,5127829,2000000,11528388
Nearly Sorted,500000,9.01028,218.852,1427347,5116719,2000000,11506352
Nearly Sorted,500000,8.22214,202.754,1331532,4623013,2000000,10442432
Nearly Sorted,500000,4.50129,218.166,880456,5108133,2000000,11481696
Nearly Sorted,500000,4.64166,217.888,930510,5111535,2000000,11495372
Nearly Sorted,500000,6.09497,217.877,1072987,5115710,2000000,11499668
Nearly Sorted,500000,7.58849,217.728,1247347,5121629,2000000,11511100
Nearly Sorted,500000,4.61534,218.114,899260,5089622,2000000,11442216
Nearly Sorted,500000,7.36578,218.139,1209688,5097948,2000000,11461872
Nearly Sorted,500000,4.22717,197.072,849528,4625874,2000000,10451456
Nearly Sorted,500000,7.71745,217.506,1259688,5119770,2000000,11514572
Nearly Sorted,500000,7.39434,219.674,1236036,5106159,2000000,11487096
Nearly Sorted,500000,7.34888,220.785,1217697,5129322,2000000,11531200
Nearly Sorted,500000,4.31556,219.333,864215,5122522,2000000,11510580
Nearly Sorted,500000,3.17208,219.186,722726,5104788,2000000,11475992
Nearly Sorted,500000,4.72364,215.268,913044,5066664,2000000,11395040
Nearly Sorted,500000,4.0538,218.955,824198,5104091,2000000,11480844
Nearly Sorted,500000,1.44301,217.78,538231,5118498,2000000,11510648
Nearly Sorted,500000,1.75185,216.289,572136,5098737,2000000,11469784
Nearly Sorted,500000,3.37672,195.261,749669,4607310,2000000,10413508
Nearly Sorted,500000,1.50198,216.925,542124,5111803,2000000,11493784
Nearly Sorted,500000,2.37517,217.513,640642,5120323,2000000,11510380
Nearly Sorted,500000,5.61295,217.128,1014652,5100832,2000000,11472296
Nearly Sorted,500000,12.1276,218.879,1820888,5105429,2000000,11482896
Nearly Sorted,500000,2.79956,217.915,601559,5121663,2000000,11513364
Nearly Sorted,500000,4.20733,217.584,849096,5111978,2000000,11491064
Nearly Sorted,500000,12.8759,216.983,1924550,5106785,2000000,11483744
Nearly Sorted,500000,10.2606,215.252,1610519,5080361,2000000,11418072
Nearly Sorted,500000,3.53364,216.22,767228,5098004,2000000,11467036
Nearly Sorted,500000,9.39724,219.48,1470615,5130948,2000000,11534152
Nearly Sorted,500000,8.77435,217.182,1419859,5099105,2000000,11468812
Nearly Sorted,500000,4.26004,218.569,861676,5115403,2000000,11495452
Nearly Sorted,500000,6.29785,215.232,1088543,5060714,2000000,11382780
Nearly Sorted,500000,9.12139,217.602,1460378,5119892,2000000,11508596
Nearly Sorted,500000,3.14292,219.722,715294,5122695,2000000,11521916
Nearly Sorted,500000,2.1502,218.695,604844,5065605,2000000,11397332
Nearly Sorted,500000,7.3348,217.715,1245470,5113167,2000000,11499344
Nearly Sorted,500000,6.35996,217.121,1094251,5110898,2000000,11488772
Nearly Sorted,500000,10.7588,222.275,1665767,5121045,2000000,11510812
Nearly Sorted,500000,5.37274,214.863,1007722,5053144,2000000,11367188
Nearly Sorted,500000,7.02491,217.456,976122,5092457,2000000,11447124
Nearly Sorted,500000,7.93093,217.182,1297078,5113129,2000000,11495172
Nearly Sorted,500000,2.42057,214.856,641871,5066555,2000000,11396260
Nearly Sorted,500000,4.22795,215.777,861538,5075560,2000000,11418376
Nearly Sorted,500000,6.77309,216.696,1158283,5107162,2000000,11484276
Nearly Sorted,500000,1.33923,216.498,523322,5104281,2000000,11478976
Nearly Sorted,500000,1.29557,217.031,526974,5115253,2000000,11498612
Nearly Sorted,500000,1.22441,217.508,520121,5124584,2000000,11522208
Nearly Sorted,500000,3.83278,215.984,800170,5089014,2000000,11447736
Nearly Sorted,500000,4.85663,216.272,921909,5096506,2000000,11460196
Nearly Sorted,500000,1.76587,216.414,572178,5084662,2000000,11434948
Nearly Sorted,500000,5.10059,216.147,950298,5101475,2000000,11468260
Nearly Sorted,500000,6.92704,215.552,1175306,5066602,2000000,11396720
Nearly Sorted,500000,5.08562,217.43,955751,5115909,2000000,11502204
Nearly Sorted,500000,5.727,216.985,1028107,5112984,2000000,11491092
Nearly Sorted,500000,4.49946,195.381,874528,4617359,2000000,10435152
Nearly Sorted,500000,3.83946,219.057,788867,5113595,2000000,11500156
Nearly Sorted,500000,2.07227,225.131,599936,5116868,2000000,11506336
Nearly Sorted,500000,6.89195,218.808,1162506,5123089,2000000,11515628
Nearly Sorted,500000,1.96066,215.114,594257,5042684,2000000,11334032
Nearly Sorted,500000,1.7931,220.719,528232,5122578,2000000,11516080
Nearly Sorted,500000,14.809,220.952,2052118,5118304,2000000,11504272
Nearly Sorted,500000,3.48217,222.969,761029,5119248,2000000,11510572
Nearly Sorted,500000,4.57444,222.599,883198,5112462,2000000,11495348
Nearly Sorted,500000,7.47756,218.571,1232666,5131664,2000000,11525580
Nearly Sorted,500000,2.9032,218.299,695609,5118932,2000000,11506192
Nearly Sorted,500000,5.93637,216.241,1049917,5029475,2000000,11311876
Nearly Sorted,500000,5.09326,217.338,946222,5089726,2000000,11438136
Nearly Sorted,500000,9.81411,217.333,1538031,5107141,2000000,11480420
Nearly Sorted,500000,1.17153,217.007,511112,5120648,2000000,11514252
Nearly Sorted,500000,1.16313,214.43,506170,5059409,2000000,11377216
Nearly Sorted,500000,5.42914,220.528,984690,5118586,2000000,11513128
Nearly Sorted,500000,2.94081,217.092,702127,5118532,2000000,11507024
Nearly Sorted,500000,6.02793,218.097,1087080,5128515,2000000,11520992
Nearly Sorted,500000,4.71462,217.941,894567,5122702,2000000,11523420
Nearly Sorted,500000,2.54657,218.884,661233,5111106,2000000,11485352
Nearly Sorted,500000,7.12677,215.733,1219446,5083954,2000000,11441864
Nearly Sorted,500000,6.36276,212.609,1104735,5000022,2000000,11255000
Nearly Sorted,500000,4.88261,217.449,921697,5117254,2000000,11506676
Nearly Sorted,500000,5.3141,215.292,984368,5054622,2000000,11366676
Nearly Sorted,500000,11.1031,220.978,1678771,5106518,2000000,11483516
Nearly Sorted,500000,5.54321,218.642,999465,5108388,2000000,11483396
Nearly Sorted,500000,13.0554,217.267,1947544,5108393,2000000,11484012
Nearly Sorted,500000,11.7593,216.107,1774832,5094295,2000000,11457876
Nearly Sorted,500000,10.2391,195.803,1611597,4611700,2000000,10419288
Nearly Sorted,500000,8.31888,216.056,1370739,5093497,2000000,11451592
Nearly Sorted,500000,10.177,205.927,1580455,4861948,2000000,10954076
Nearly Sorted,500000,1.84644,217.398,586052,5117179,2000000,11506168
Nearly Sorted,500000,4.07312,216.618,829613,5108236,2000000,11483040
Nearly Sorted,500000,3.76887,214.478,800632,5060158,2000000,11377360
Nearly Sorted,500000,7.45379,193.609,1239518,4565561,2000000,10322112
Nearly Sorted,500000,4.3448,216.784,873730,5115810,2000000,11508808
Nearly Sorted,500000,2.19463,215.759,626305,5090147,2000000,11444272
Nearly Sorted,500000,4.75768,214.774,939850,5057758,2000000,11373448
Nearly Sorted,500000,2.3172,218.362,631434,5110470,2000000,11487292
Nearly Sorted,500000,5.39034,216.464,987812,5070061,2000000,11399604
Nearly Sorted,500000,6.82174,218.684,1163862,5123311,2000000,11515704
Nearly Sorted,500000,5.35434,217.349,989573,5112698,2000000,11490244
Nearly Sorted,500000,5.17176,217.017,970583,5123350,2000000,11519340
Nearly Sorted,500000,4.75529,216.516,902271,5106956,2000000,11485636
Nearly Sorted,500000,2.2538,217.423,620948,5114452,2000000,11498260
Nearly Sorted,500000,1.40648,219.105,531715,5097815,2000000,11463432
Nearly Sorted,500000,7.37948,217.17,1231763,5057551,2000000,11376948
Nearly Sorted,500000,3.13894,218.703,717396,5100443,2000000,11468116
Nearly Sorted,500000,3.31778,218.4,739606,5117470,2000000,11509724
Nearly Sorted,500000,2.73395,221.407,670814,5122456,2000000,11515320
Nearly Sorted,500000,5.71546,222.739,1015935,5123720,2000000,11519588
Nearly Sorted,500000,4.96507,218.536,943428,5112037,2000000,11494792
Nearly Sorted,500000,8.66621,224.559,1282273,5118477,2000000,11503312
Nearly Sorted,500000,4.91909,224.868,920202,5123512,2000000,11518112
Nearly Sorted,500000,4.76605,194.296,897146,4549463,2000000,10285060
Nearly Sorted,500000,2.38181,218.086,639703,5111971,2000000,11493964
Nearly Sorted,500000,6.02826,216.81,1054818,5098714,2000000,11462276
Nearly Sorted,500000,9.12791,217.61,1303136,5114108,2000000,11499640
Nearly Sorted,500000,4.02825,233.725,818934,5104409,2000000,11486880
Nearly Sorted,500000,9.43213,221.043,1476753,5117763,2000000,11508056
Nearly Sorted,500000,7.20424,218.56,1214026,5110138,2000000,11494640
Nearly Sorted,500000,2.3521,220.498,632351,5115019,2000000,11499684
Nearly Sorted,500000,1.35963,218.559,524768,5120412,2000000,11507000
Nearly Sorted,500000,2.7796,220.512,685469,5127480,2000000,11531828
Nearly Sorted,500000,7.58957,216.958,1208128,5118969,2000000,11503464
Nearly Sorted,500000,7.27755,216.499,1209650,5092700,2000000,11454176
Nearly Sorted,500000,3.12838,217.62,716095,5122351,2000000,11518132
Nearly Sorted,500000,4.86646,196.244,935189,4628282,2000000,10454420
Nearly Sorted,500000,4.51833,217.044,879492,5112992,2000000,11500400
Nearly Sorted,500000,4.56399,217.326,886621,5111587,2000000,11498148
Nearly Sorted,500000,2.67991,215.814,678256,5087315,2000000,11437232
Nearly Sorted,500000,8.44408,225.544,1245322,5121647,2000000,11516512
Nearly Sorted,500000,8.75987,220.933,1394174,5126720,2000000,11525420
Nearly Sorted,500000,7.09483,217.586,1198798,5127345,2000000,11524008
Nearly Sorted,500000,4.55461,217.07,914708,5118451,2000000,11507276
Nearly Sorted,500000,10.0494,217.221,1562323,5118736,2000000,11507064
Nearly Sorted,500000,5.19671,216.487,1000779,5107506,2000000,11489408
Nearly Sorted,500000,3.73321,216.965,792419,5117178,2000000,11504944
Nearly Sorted,500000,2.89245,217.287,693347,5116708,2000000,11501448
Nearly Sorted,500000,6.30389,216.863,1110253,5112787,2000000,11494908
Nearly Sorted,500000,10.3972,223.8,1576598,5129911,2000000,11533856
Nearly Sorted,500000,1.93482,219.667,583828,5110087,2000000,11493288
Nearly Sorted,500000,4.5942,218.584,889256,5123065,2000000,11516232
Nearly Sorted,500000,4.63932,216.608,893238,5076773,2000000,11414344
Nearly Sorted,500000,8.07516,218.176,1324643,5117663,2000000,11509732
Nearly Sorted,500000,8.31027,217.291,1340574,5116665,2000000,11504928
Nearly Sorted,500000,16.1954,230.246,1919555,5102402,2000000,11470148
Nearly Sorted,500000,4.41026,216.126,864705,4977832,2000000,11200784
Nearly Sorted,500000,6.36436,217.653,1136092,5104888,2000000,11477756
Nearly Sorted,500000,7.68353,217.506,1273006,5080206,2000000,11422584
Nearly Sorted,500000,3.22633,216.372,728687,5084266,2000000,11434796
Nearly Sorted,500000,4.41886,223.182,862783,5118840,2000000,11506576
Nearly Sorted,500000,3.71348,219.104,777085,5106261,2000000,11480232
Nearly Sorted,500000,7.71495,218.641,1255985,5092508,2000000,11446396
Nearly Sorted,500000,15.2422,222.472,2177957,5123612,2000000,11522848
Nearly Sorted,500000,3.20766,220.798,709246,5115768,2000000,11507004
Nearly Sorted,500000,12.3934,221.83,1798427,5108896,2000000,11492184
Nearly Sorted,500000,14.8123,221.566,2065316,5114114,2000000,11497960
Nearly Sorted,500000,2.14439,230.803,599268,5051165,2000000,11363420
Nearly Sorted,500000,8.67316,225.407,1269017,5117728,2000000,11505956
Nearly Sorted,500000,4.74301,218.465,908832,5104156,2000000,11475876
Nearly Sorted,500000,4.6145,222.224,880787,5125630,2000000,11524008
Nearly Sorted,500000,8.86576,223.533,1389209,5074317,2000000,11412712
Nearly Sorted,500000,11.1936,222.171,1684220,5113894,2000000,11494680
Nearly Sorted,500000,6.44699,221.396,1096247,5113498,2000000,11497980
Nearly Sorted,500000,5.01028,219.982,934123,5112861,2000000,11494100
Nearly Sorted,500000,2.96492,217.867,696406,5104020,2000000,11475108
Nearly Sorted,500000,8.74542,215.607,1380975,5062279,2000000,11386828
Nearly Sorted,500000,1.2645,217.415,514439,5076751,2000000,11412872
Nearly Sorted,500000,8.92241,233.569,1413399,5112630,2000000,11498268
Nearly Sorted,500000,3.47672,218.206,758565,5104454,2000000,11472236
Nearly Sorted,500000,1.65381,215.764,556676,5059339,2000000,11375664
Nearly Sorted,500000,10.166,215.395,1571406,5064891,2000000,11390316
Nearly Sorted,500000,7.43723,218.278,1242129,5110405,2000000,11488364
Nearly Sorted,500000,2.86484,218.046,691272,5118349,2000000,11514340
Nearly Sorted,500000,6.16169,213.707,1098367,5035105,2000000,11324560
Nearly Sorted,500000,4.44374,216.936,867313,5106204,2000000,11488128
Nearly Sorted,500000,4.78289,217.04,918294,5065735,2000000,11392140
Nearly Sorted,500000,5.53328,215.62,997065,5065818,2000000,11391488
Nearly Sorted,500000,12.71,211.452,1896598,4975423,2000000,11196308
Nearly Sorted,500000,5.38046,218.085,986470,5114177,2000000,11497964
Nearly Sorted,500000,4.73575,215.928,904880,5066440,2000000,11393272
Nearly Sorted,500000,6.35092,217.958,1108415,5120720,2000000,11512368
Nearly Sorted,500000,2.2008,218.281,612596,5124003,2000000,11516204
Nearly Sorted,500000,4.52639,215.614,892056,5061440,2000000,11382440
Nearly Sorted,500000,2.86156,218.644,704538,5117122,2000000,11504592
Nearly Sorted,500000,4.7206,217.455,894689,5106055,2000000,11479852
Nearly Sorted,500000,6.74039,211.891,1135429,4977585,2000000,11200668
Nearly Sorted,500000,8.17403,217.876,1329563,5114903,2000000,11499396
Nearly Sorted,500000,13.9591,238.839,1908654,5107201,2000000,11481860
Nearly Sorted,500000,10.036,219.922,1546715,5067179,2000000,11392188
Nearly Sorted,500000,1.51763,223.446,539096,5127086,2000000,11525900
Nearly Sorted,500000,6.81473,219.006,1142671,5117774,2000000,11503256
Nearly Sorted,500000,14.057,217.417,2064917,5099447,2000000,11468784
Nearly Sorted,500000,5.43631,217.881,995090,5122108,2000000,11517832
Nearly Sorted,500000,7.60922,218.79,1268299,5108373,2000000,11482812
Nearly Sorted,500000,7.88535,217.425,1289467,5116385,2000000,11502504
Nearly Sorted,500000,11.2236,217.905,1695330,5121097,2000000,11513380
Nearly Sorted,500000,7.34598,215.988,1220834,5027915,2000000,11315840
Nearly Sorted,500000,2.05085,216.343,598834,5095461,2000000,11454484
Nearly Sorted,500000,6.29462,215.529,1114615,5075911,2000000,11409240
Nearly Sorted,500000,5.09902,217.019,988260,5110204,2000000,11491816
Nearly Sorted,500000,7.06016,217.28,1178175,5103653,2000000,11483324
Nearly Sorted,500000,4.19748,217.968,852606,5085179,2000000,11433888
Nearly Sorted,500000,8.3383,223.421,1335165,5119971,2000000,11512884
Nearly Sorted,500000,1.98587,219.904,592083,5128920,2000000,11528540
Nearly Sorted,500000,3.67083,219.573,778318,5112510,2000000,11494644
Nearly Sorted,500000,12.1522,217.683,1818161,5105188,2000000,11480484
Nearly Sorted,500000,7.33779,218.075,1249859,5111768,2000000,11496884
Nearly Sorted,500000,5.27862,217.791,978536,5104316,2000000,11472464
Nearly Sorted,500000,3.15151,216.849,722536,5105494,2000000,11475292
Nearly Sorted,500000,10.0387,217.58,1569307,5116106,2000000,11502348
Nearly Sorted,500000,6.73679,216.987,1147415,5101417,2000000,11477584
Nearly Sorted,500000,2.2596,216.302,624369,5094589,2000000,11454472
Nearly Sorted,500000,3.32633,215.434,743832,5066703,2000000,11398860
Nearly Sorted,500000,7.10341,216.44,1197134,5097635,2000000,11462708
Nearly Sorted,500000,1.92253,214.11,588233,5048424,2000000,11352132
Nearly Sorted,500000,8.93422,219.05,1427235,5123567,2000000,11521376
Nearly Sorted,500000,4.46432,217.023,892247,5115306,2000000,11498152
Nearly Sorted,500000,1.90955,216.846,599217,5114834,2000000,11504680
Nearly Sorted,500000,7.68953,217.224,1267917,5119851,2000000,11513824
Nearly Sorted,500000,3.19319,222.085,727358,5117100,2000000,11507396
Nearly Sorted,500000,9.8651,219.635,1519488,5120353,2000000,11510156
Nearly Sorted,500000,3.28755,215.326,735907,5062077,2000000,11384028
Nearly Sorted,500000,2.94612,219.39,691488,5117321,2000000,11508712
Nearly Sorted,500000,4.11529,217.546,834871,5083956,2000000,11434988
Nearly Sorted,500000,4.98362,215.956,939795,5076360,2000000,11412524
Nearly Sorted,500000,1.71468,214.917,567186,5065820,2000000,11396232
Nearly Sorted,500000,1.78093,224.455,569008,5090147,2000000,11445780
Nearly Sorted,500000,2.49652,218.084,637869,5118281,2000000,11508148
Nearly Sorted,500000,10.8543,219.28,1569109,5109416,2000000,11496864
Nearly Sorted,500000,4.45842,226.245,846805,5079833,2000000,11420072
Nearly Sorted,500000,1.3795,220.048,525364,5111290,2000000,11493296
Nearly Sorted,500000,6.67404,217.72,1126561,5082565,2000000,11429604
Nearly Sorted,500000,7.41359,220.379,1213814,5127025,2000000,11523668
Nearly Sorted,500000,2.14173,220.554,606863,5119827,2000000,11509212
Nearly Sorted,500000,1.34451,236.78,507380,5107637,2000000,11489904
Nearly Sorted,500000,5.55782,228.033,1032566,5109477,2000000,11485116
Nearly Sorted,500000,4.34516,219.488,845508,5073639,2000000,11409100
Nearly Sorted,500000,4.9908,220.719,971231,5091532,2000000,11454272
Nearly Sorted,500000,1.74259,219.242,561240,5109945,2000000,11495120
Nearly Sorted,500000,5.71475,214.46,1022426,5048163,2000000,11355276
Nearly Sorted,500000,8.75282,216.682,1395687,5108514,2000000,11487280
Nearly Sorted,500000,8.26502,214.178,1379045,5055590,2000000,11372636
Nearly Sorted,500000,3.50625,217.709,765941,5121850,2000000,11516100
Nearly Sorted,500000,4.18705,218.089,841615,5125069,2000000,11527692
Nearly Sorted,500000,2.6962,234.053,664150,5071013,2000000,11403784
Nearly Sorted,500000,4.19689,217.912,846058,5087502,2000000,11440548
Nearly Sorted,500000,7.03627,215.562,1182711,5063368,2000000,11392832
Nearly Sorted,500000,8.35085,195.642,1371346,4610147,2000000,10415292
Nearly Sorted,500000,9.79051,217.947,1527999,5119937,2000000,11505912
Nearly Sorted,500000,2.46248,219.9,640241,5107793,2000000,11483944
Nearly Sorted,500000,6.66614,217.832,1141015,5124661,2000000,11518744
Nearly Sorted,500000,3.51634,217.746,765482,5115063,2000000,11500424
Nearly Sorted,500000,2.75702,217.286,677252,5107289,2000000,11485148
Nearly Sorted,500000,4.10781,217.677,832967,5106935,2000000,11483552
Nearly Sorted,500000,4.81169,214.707,925913,5067544,2000000,11397136
Nearly Sorted,500000,1.49333,218.272,536031,5122656,2000000,11515936
Nearly Sorted,500000,1.78273,221.033,563469,5111338,2000000,11491124
Nearly Sorted,500000,8.48385,220.683,1336696,5111204,2000000,11490564
Nearly Sorted,500000,11.4121,220.358,1730505,5101923,2000000,11477032
Nearly Sorted,500000,8.59453,217.795,1378979,5111841,2000000,11496276
Nearly Sorted,500000,3.60507,218.496,784756,5122472,2000000,11512200
Nearly Sorted,500000,7.74131,216.615,1276732,5089141,2000000,11447448
Nearly Sorted,500000,12.8897,218.576,1896096,5120602,2000000,11512968
Nearly Sorted,500000,7.51904,218.343,1241542,5121082,2000000,11512176
Nearly Sorted,500000,7.03545,216.572,1192329,5092061,2000000,11449040
Nearly Sorted,500000,10.0195,215.287,1559737,5062915,2000000,11382660
Nearly Sorted,500000,3.85285,216.59,808866,5110148,2000000,11487396
Nearly Sorted,500000,7.06439,215.741,1199607,5095174,2000000,11459204
Nearly Sorted,500000,6.32452,217.048,1101107,5115088,2000000,11500064
Nearly Sorted,500000,4.35929,217.129,859422,5111576,2000000,11494212
Nearly Sorted,500000,1.75604,217.043,569090,5104137,2000000,11480036
Nearly Sorted,500000,9.25004,217.423,1471508,5112965,2000000,11498668
Nearly Sorted,500000,3.25991,217.002,728383,5101577,2000000,11467728
Nearly Sorted,500000,7.38002,217.501,1243640,5107344,2000000,11488476
Nearly Sorted,500000,9.21576,214.636,1465537,5063522,2000000,11383132
Nearly Sorted,500000,3.57374,216.581,769825,5110514,2000000,11485896
Nearly Sorted,500000,9.18918,214.873,1454114,5068470,2000000,11396128
Nearly Sorted,500000,7.77844,216.815,1280486,5106475,2000000,11478852
Nearly Sorted,500000,6.96685,216.618,1183197,5103898,2000000,11474284
Nearly Sorted,500000,6.06473,217.614,1099807,5121028,2000000,11517888
Nearly Sorted,500000,1.97749,196.621,596010,4626903,2000000,10452660
Nearly Sorted,500000,3.50145,218.873,762286,5113780,2000000,11495816
Nearly Sorted,500000,5.04257,218.814,959984,5115115,2000000,11493564
Nearly Sorted,500000,7.09423,217.03,1186670,5096665,2000000,11462620
Nearly Sorted,500000,3.40826,216.882,746044,5099874,2000000,11466980
Nearly Sorted,500000,1.44254,215.175,538461,5063315,2000000,11384824
Nearly Sorted,500000,6.12669,217.798,1071404,5120199,2000000,11503088
Nearly Sorted,500000,2.28031,216.187,627690,5090391,2000000,11450460
Nearly Sorted,500000,5.29657,217.56,974810,5114412,2000000,11498452
Nearly Sorted,500000,3.78491,217.574,797523,5115477,2000000,11500816
Nearly Sorted,500000,3.01297,217.253,713018,5106431,2000000,11483324
Nearly Sorted,500000,5.96861,217.679,1059069,5120152,2000000,11515668
Nearly Sorted,500000,6.03601,217.137,1082455,5108902,2000000,11487248
Nearly Sorted,500000,2.77496,217.849,677445,5114707,2000000,11502788
Nearly Sorted,500000,4.86003,216.81,918800,5092858,2000000,11445640
Nearly Sorted,500000,8.5887,216.476,1410854,5087280,2000000,11444224
Nearly Sorted,500000,4.61693,196.832,891573,4623359,2000000,10446492
Nearly Sorted,500000,5.21847,216.342,964876,5072291,2000000,11402044
Nearly Sorted,500000,6.76107,217.47,1147966,5104749,2000000,11488240
Nearly Sorted,500000,13.3303,215.705,1899343,5036283,2000000,11328916
Nearly Sorted,500000,3.3615,221.751,718960,5115396,2000000,11505956
Nearly Sorted,500000,6.16012,218.346,1093328,5116085,2000000,11505688
Nearly Sorted,500000,7.71797,219.127,1260295,5110734,2000000,11494412
Nearly Sorted,500000,1.61468,218.907,557375,5110094,2000000,11493260
Nearly Sorted,500000,3.75645,217.487,793209,5125161,2000000,11522612
Nearly Sorted,500000,4.36112,233.574,875905,5116487,2000000,11504480
Nearly Sorted,500000,5.88091,215.799,1038909,5092934,2000000,11454796
Nearly Sorted,500000,2.24728,222.448,613042,5121067,2000000,11517796
Nearly Sorted,500000,4.47016,217.474,872529,5107637,2000000,11489836
Nearly Sorted,500000,6.27424,215.421,1094565,5070771,2000000,11404440
Nearly Sorted,500000,3.6812,217.32,790144,5100946,2000000,11465048
Nearly Sorted,500000,13.3469,217.638,1964593,5112459,2000000,11494828
Nearly Sorted,500000,3.80915,215.965,803283,5085244,2000000,11434392
Nearly Sorted,500000,2.35306,220.691,630811,5071116,2000000,11400760
Nearly Sorted,500000,5.23484,220.947,1000555,5110997,2000000,11486400
Nearly Sorted,500000,8.06476,226.403,1304468,5116748,2000000,11497752
Nearly Sorted,500000,3.72188,218.63,773318,5104510,2000000,11479724
Nearly Sorted,500000,12.9525,226.814,1912388,5111346,2000000,11489924
Nearly Sorted,500000,6.49736,219.254,1134538,5116134,2000000,11505076
Nearly Sorted,500000,1.39505,222.898,513219,5115313,2000000,11503944
Nearly Sorted,500000,8.97115,196.899,1406726,4593663,2000000,10385388
Nearly Sorted,500000,3.75163,223.44,753351,5127738,2000000,11530736
Nearly Sorted,500000,4.19278,224.355,835554,5098772,2000000,11464136
Nearly Sorted,500000,2.88623,220.825,681979,5116309,2000000,11505360
Nearly Sorted,500000,8.17049,220.361,1320374,5125007,2000000,11518088
Nearly Sorted,500000,2.85006,216.851,679907,5058524,2000000,11387968
Nearly Sorted,500000,3.81877,220.321,790995,5108637,2000000,11484864
Nearly Sorted,500000,9.06201,218.22,1398649,5090261,2000000,11444608
Nearly Sorted,500000,6.60012,218.13,1130383,5069477,2000000,11401996
Nearly Sorted,500000,7.8456,214.733,1298740,5037024,2000000,11331660
Nearly Sorted,500000,2.43608,223.189,638344,5122979,2000000,11518100
Nearly Sorted,500000,4.80033,219.817,905260,5100957,2000000,11474196
Nearly Sorted,500000,4.54273,219.793,872585,5109302,2000000,11487228
Nearly Sorted,500000,5.74758,217.855,1034561,5114177,2000000,11503640
Nearly Sorted,500000,5.1121,220.931,898588,5098907,2000000,11462032
Nearly Sorted,500000,5.64234,224.428,801816,5110863,2000000,11489384
Nearly Sorted,500000,5.51854,220.048,1003549,5105862,2000000,11477868
Nearly Sorted,500000,3.49868,220.206,754353,5130461,2000000,11533780
Nearly Sorted,500000,2.34622,223.103,632099,5121301,2000000,11515260
Nearly Sorted,500000,2.44522,220.624,632051,5112945,2000000,11498888
Nearly Sorted,500000,9.0321,218.944,1392934,5063150,2000000,11387612
Nearly Sorted,500000,4.99951,201.044,974123,4618659,2000000,10433840
Nearly Sorted,500000,1.79656,216.842,572397,5051764,2000000,11358896
Nearly Sorted,500000,1.7303,214.223,560015,5008489,2000000,11268388
Nearly Sorted,500000,5.55056,223.217,998732,5108043,2000000,11486084
Nearly Sorted,500000,3.37777,219.538,749302,5112781,2000000,11497552
Nearly Sorted,500000,6.05757,220.852,1027004,5114616,2000000,11498636
Nearly Sorted,500000,10.037,222.601,1553139,5116342,2000000,11503480
Nearly Sorted,500000,1.74927,215.598,562615,5062446,2000000,11388416
Nearly Sorted,500000,5.56407,217.76,1044021,5112248,2000000,11496228
Nearly Sorted,500000,3.48098,220.502,764610,5124694,2000000,11518596
Nearly Sorted,500000,9.63875,217.611,1451377,5112010,2000000,11491524
Nearly Sorted,500000,6.22018,219.497,1083265,4997022,2000000,11243392
Nearly Sorted,500000,4.30316,218.655,848197,5101347,2000000,11468584
Nearly Sorted,500000,4.78129,219.311,907363,5122355,2000000,11511956
Nearly Sorted,500000,4.11814,218.319,827846,5099140,2000000,11465120
Nearly Sorted,500000,5.45489,231.672,983495,5062678,2000000,11381420
Nearly Sorted,500000,2.24867,221.031,613760,5126279,2000000,11526356
Nearly Sorted,500000,3.11936,221.455,714682,5125069,2000000,11524876
Nearly Sorted,500000,5.80719,219.302,1043465,5096147,2000000,11459876
Nearly Sorted,500000,11.6769,220.926,1732615,5127852,2000000,11526292
Nearly Sorted,500000,2.49314,217.5,645390,5070044,2000000,11401804
