Test Case,Input Size,Execution Time (ms) Quick Sort,Execution Time (ms) Merge Sort,Comparisons Quick Sort,Comparisons Merge Sort,Memory Usage (bytes) Quick Sort,Memory Usage (bytes) Merge Sort
Nearly Sorted,1000000,144.889,316.95,29276617,17698432,83,4000000
Nearly Sorted,1000000,141.259,307.404,28743576,17700001,83,4000000
Nearly Sorted,1000000,143.345,313.757,28572334,17694393,83,4000000
Nearly Sorted,1000000,144.276,308.905,29455675,17690720,83,4000000
Nearly Sorted,1000000,145.351,311.34,29286782,17688896,83,4000000
Nearly Sorted,1000000,141.758,311.873,28421216,17699932,83,4000000
Nearly Sorted,1000000,140.137,310.564,27769809,17697200,83,4000000
Nearly Sorted,1000000,142.219,311.522,28027531,17698618,83,4000000
Nearly Sorted,1000000,144.206,313.47,28361804,17686962,83,4000000
Nearly Sorted,1000000,148.525,319.061,29876521,17692203,83,4000000
Nearly Sorted,1000000,141.442,311.811,28409239,17693048,83,4000000
Nearly Sorted,1000000,140.447,321.8,27776837,17698396,83,4000000
Nearly Sorted,1000000,142.853,320.405,28051983,17697277,83,4000000
Nearly Sorted,1000000,142.27,309.264,28803769,17696114,83,4000000
Nearly Sorted,1000000,141.532,322.542,28758855,17700095,83,4000000
Nearly Sorted,1000000,146.693,311.774,30309444,17698220,83,4000000
Nearly Sorted,1000000,144.451,309.376,29544443,17689569,83,4000000
Nearly Sorted,1000000,146.599,313.065,29807859,17714306,83,4000000
Nearly Sorted,1000000,141.484,313.821,27982405,17677710,83,4000000
Nearly Sorted,1000000,144.537,313.737,28934112,17695985,83,4000000
Nearly Sorted,1000000,142.866,314.315,28192667,17693311,83,4000000
Nearly Sorted,1000000,142.995,313.744,28442367,17703274,83,4000000
Nearly Sorted,1000000,141.558,313.414,28475808,17687811,83,4000000
Nearly Sorted,1000000,141.224,313.833,28760428,17699148,83,4000000
Nearly Sorted,1000000,142.731,309.094,28639814,17691402,83,4000000
Nearly Sorted,1000000,141.617,311.558,27867900,17691476,83,4000000
Nearly Sorted,1000000,140.554,309.7,28897634,17695234,83,4000000
Nearly Sorted,1000000,139.146,309.683,28040559,17699502,83,4000000
Nearly Sorted,1000000,143.204,313.194,29248878,17704894,83,4000000
Nearly Sorted,1000000,145.197,309.316,28671773,17692271,83,4000000
Nearly Sorted,1000000,147.939,316.358,28738596,17698433,83,4000000
Nearly Sorted,1000000,143.384,310.939,28601417,17695420,83,4000000
Nearly Sorted,1000000,143.925,312.695,29250229,17686581,83,4000000
Nearly Sorted,1000000,142.979,310.344,29134015,17692440,83,4000000
Nearly Sorted,1000000,142.275,332.999,28797809,17704140,83,4000000
Nearly Sorted,1000000,143.074,311.306,28443893,17683562,83,4000000
Nearly Sorted,1000000,139.97,309.855,28329012,17691730,83,4000000
Nearly Sorted,1000000,140.51,322.147,28382868,17681675,83,4000000
Nearly Sorted,1000000,142.862,312.446,28022908,17694685,83,4000000
Nearly Sorted,1000000,146.571,320.361,30510517,17688155,83,4000000
Nearly Sorted,1000000,144.71,323.222,28546923,17691928,83,4000000
Nearly Sorted,1000000,140.533,318.722,28047130,17705085,83,4000000
Nearly Sorted,1000000,143.54,319.26,29000002,17697130,83,4000000
Nearly Sorted,1000000,138.969,310.782,27570257,17689219,83,4000000
Nearly Sorted,1000000,141.604,314.195,28394977,17699134,83,4000000
Nearly Sorted,1000000,140.528,312.336,28816150,17684115,83,4000000
Nearly Sorted,1000000,142.451,317.375,28372869,17694758,83,4000000
Nearly Sorted,1000000,141.843,310.203,28470029,17697380,83,4000000
Nearly Sorted,1000000,143.482,310.562,29288498,17686919,83,4000000
Nearly Sorted,1000000,141.762,316.132,28032613,17686404,83,4000000
Nearly Sorted,1000000,145.995,313.085,28683954,17686378,83,4000000
Nearly Sorted,1000000,145.095,318.174,30098186,17687902,83,4000000
Nearly Sorted,1000000,144.306,313.731,29962045,17692130,83,4000000
Nearly Sorted,1000000,141.802,315.052,28890597,17680054,83,4000000
Nearly Sorted,1000000,142.366,320.233,28105722,17702283,83,4000000
Nearly Sorted,1000000,142.09,315.213,28709306,17698216,83,4000000
Nearly Sorted,1000000,142.634,310.456,29553301,17681773,83,4000000
Nearly Sorted,1000000,141.882,314.124,28293284,17693229,83,4000000
Nearly Sorted,1000000,141.847,329.061,28218101,17701669,83,4000000
Nearly Sorted,1000000,141.387,310.387,28880843,17694623,83,4000000
Nearly Sorted,1000000,141.594,313.469,28377623,17705748,83,4000000
Nearly Sorted,1000000,141.091,311.513,27837036,17686725,83,4000000
Nearly Sorted,1000000,148.629,316.774,28802456,17683130,83,4000000
Nearly Sorted,1000000,141.231,320.484,28029694,17689667,83,4000000
Nearly Sorted,1000000,140.829,311.758,27836417,17703271,83,4000000
Nearly Sorted,1000000,142.977,310.174,28860152,17691331,83,4000000
Nearly Sorted,1000000,142.109,312.926,28768553,17694731,83,4000000
Nearly Sorted,1000000,142.585,307.573,28641985,17701498,83,4000000
Nearly Sorted,1000000,141.893,310.835,29086844,17689284,83,4000000
Nearly Sorted,1000000,140.86,315.695,28574147,17694097,83,4000000
Nearly Sorted,1000000,141.969,312.736,29091760,17700717,83,4000000
Nearly Sorted,1000000,140.277,311.863,27904580,17696714,83,4000000
Nearly Sorted,1000000,140.458,312.338,27992641,17693895,83,4000000
Nearly Sorted,1000000,141.385,315.242,28704826,17692101,83,4000000
Nearly Sorted,1000000,141.536,312.181,28401484,17684105,83,4000000
Nearly Sorted,1000000,140.5,309.435,28231457,17686222,83,4000000
Nearly Sorted,1000000,141.397,315.753,28117766,17685346,83,4000000
Nearly Sorted,1000000,143.767,315.139,28785384,17687843,83,4000000
Nearly Sorted,1000000,141.065,309.437,27766090,17696403,83,4000000
Nearly Sorted,1000000,142.925,312.875,29128368,17691300,83,4000000
Nearly Sorted,1000000,142.733,312.723,28681169,17681608,83,4000000
Nearly Sorted,1000000,145.296,309.704,29857981,17687960,83,4000000
Nearly Sorted,1000000,146.27,315.431,29264849,17692663,83,4000000
Nearly Sorted,1000000,143.287,331.503,29641637,17692823,83,4000000
Nearly Sorted,1000000,147.887,336.42,28924558,17691295,83,4000000
Nearly Sorted,1000000,139.644,315.796,28326995,17692481,83,4000000
Nearly Sorted,1000000,139.435,306.086,27736293,17697030,83,4000000
Nearly Sorted,1000000,142.634,310.005,28466563,17685901,83,4000000
Nearly Sorted,1000000,140.618,312.076,28472909,17695112,83,4000000
Nearly Sorted,1000000,146.931,312.458,30112750,17696190,83,4000000
Nearly Sorted,1000000,140.452,311.316,28383023,17687945,83,4000000
Nearly Sorted,1000000,142.016,310.959,28515160,17698713,83,4000000
Nearly Sorted,1000000,143.496,310.642,29924108,17686096,83,4000000
Nearly Sorted,1000000,141.968,314.311,28714852,17690916,83,4000000
Nearly Sorted,1000000,145.475,320.356,28875042,17698846,83,4000000
Nearly Sorted,1000000,144.161,311.907,28950018,17693085,83,4000000
Nearly Sorted,1000000,142.175,315.356,28347685,17689349,83,4000000
Nearly Sorted,1000000,145.126,312.879,29399943,17684367,83,4000000
Nearly Sorted,1000000,142.797,309.822,29161654,17695594,83,4000000
Nearly Sorted,1000000,142.761,312.972,29102786,17703756,83,4000000
Nearly Sorted,1000000,140.585,313.319,27933852,17690872,83,4000000
Nearly Sorted,1000000,142.259,313.072,29392462,17692845,83,4000000
Nearly Sorted,1000000,140.629,311.753,28712235,17696344,83,4000000
Nearly Sorted,1000000,138.452,312.396,27572505,17706809,83,4000000
Nearly Sorted,1000000,140.735,312.658,28058069,17696214,83,4000000
Nearly Sorted,1000000,149.15,317.311,30455718,17690687,83,4000000
Nearly Sorted,1000000,143.694,316.786,29233559,17692825,83,4000000
Nearly Sorted,1000000,140.696,334.22,28207091,17696513,83,4000000
Nearly Sorted,1000000,140.476,312.256,28138941,17695291,83,4000000
Nearly Sorted,1000000,143.114,313.224,28202326,17688411,83,4000000
Nearly Sorted,1000000,142.067,311.562,28805673,17703512,83,4000000
Nearly Sorted,1000000,142.351,310.681,28660145,17695889,83,4000000
Nearly Sorted,1000000,141.456,309.422,28706792,17694290,83,4000000
Nearly Sorted,1000000,142.294,310.944,28577285,17685368,83,4000000
Nearly Sorted,1000000,141.918,312.925,28898524,17694225,83,4000000
Nearly Sorted,1000000,142.37,310.915,28532022,17692342,83,4000000
Nearly Sorted,1000000,142.176,331.348,28725516,17691958,83,4000000
Nearly Sorted,1000000,141.686,317.011,28011485,17695449,83,4000000
Nearly Sorted,1000000,139.116,310.167,28439645,17701860,83,4000000
Nearly Sorted,1000000,141.047,310.145,27793815,17700875,83,4000000
Nearly Sorted,1000000,143.037,312.486,28583277,17687510,83,4000000
Nearly Sorted,1000000,142.902,312.454,29165759,17694663,83,4000000
Nearly Sorted,1000000,145.243,310.539,30416084,17698419,83,4000000
Nearly Sorted,1000000,140.761,312.085,28249612,17692336,83,4000000
Nearly Sorted,1000000,145.197,308.76,29023270,17687887,83,4000000
Nearly Sorted,1000000,143.828,312.296,28384195,17694296,83,4000000
Nearly Sorted,1000000,141.519,311.449,28033379,17699752,83,4000000
Nearly Sorted,1000000,145.977,317.943,29080150,17689898,83,4000000
Nearly Sorted,1000000,146.838,315.887,28688371,17691910,83,4000000
Nearly Sorted,1000000,138.744,312.51,27763547,17698188,83,4000000
Nearly Sorted,1000000,143.683,311.767,29064939,17699306,83,4000000
Nearly Sorted,1000000,140.082,311.845,28010521,17688734,83,4000000
Nearly Sorted,1000000,144.468,323.524,29857356,17689309,83,4000000
Nearly Sorted,1000000,140.1,313.196,28118771,17690628,83,4000000
Nearly Sorted,1000000,141.885,312.999,28981216,17688782,83,4000000
Nearly Sorted,1000000,142.399,310.26,28289911,17696938,83,4000000
Nearly Sorted,1000000,144.389,310.069,29466364,17699438,83,4000000
Nearly Sorted,1000000,147.59,309.086,28344671,17699828,83,4000000
Nearly Sorted,1000000,144.104,316.77,28573300,17699708,83,4000000
Nearly Sorted,1000000,144.261,312.986,28590922,17686918,83,4000000
Nearly Sorted,1000000,139.053,311.328,27761684,17694363,83,4000000
Nearly Sorted,1000000,143.296,314.632,29392165,17701884,83,4000000
Nearly Sorted,1000000,142.736,313.799,28300635,17699098,83,4000000
Nearly Sorted,1000000,139.328,314.566,28051679,17699254,83,4000000
Nearly Sorted,1000000,142.539,311.551,28452842,17686400,83,4000000
Nearly Sorted,1000000,145.698,309.908,29067686,17699604,83,4000000
Nearly Sorted,1000000,142.112,315.993,28147277,17690980,83,4000000
Nearly Sorted,1000000,143.302,312.111,29085776,17684945,83,4000000
Nearly Sorted,1000000,141.512,321.698,28321450,17696584,83,4000000
Nearly Sorted,1000000,145.053,311.173,28449401,17692626,83,4000000
Nearly Sorted,1000000,144.337,316.731,29111170,17704429,83,4000000
Nearly Sorted,1000000,142.3,309.441,28855740,17698579,83,4000000
Nearly Sorted,1000000,139.981,307.762,28233958,17694479,83,4000000
Nearly Sorted,1000000,140.912,316.176,28256407,17692307,83,4000000
Nearly Sorted,1000000,142.86,312.751,28662548,17687461,83,4000000
Nearly Sorted,1000000,143.805,312.656,28430380,17684438,83,4000000
Nearly Sorted,1000000,156.32,307.231,29495729,17694387,83,4000000
Nearly Sorted,1000000,141.88,312.053,28421635,17682973,83,4000000
Nearly Sorted,1000000,148.269,312.819,29316298,17680540,83,4000000
Nearly Sorted,1000000,142.896,309.937,28691984,17695911,83,4000000
Nearly Sorted,1000000,144.17,315.965,28776657,17691121,83,4000000
Nearly Sorted,1000000,141.527,321.302,28264755,17690476,83,4000000
Nearly Sorted,1000000,140.547,311.245,27981216,17686867,83,4000000
Nearly Sorted,1000000,143.216,309.034,27914595,17695711,83,4000000
Nearly Sorted,1000000,141.104,309.671,28276966,17692034,83,4000000
Nearly Sorted,1000000,140.508,311.462,28268608,17691160,83,4000000
Nearly Sorted,1000000,140.498,312.472,28685256,17688354,83,4000000
Nearly Sorted,1000000,140.89,308.524,27606936,17689430,83,4000000
Nearly Sorted,1000000,140.701,310.432,28282689,17689227,83,4000000
Nearly Sorted,1000000,143.555,310.187,29363124,17697779,83,4000000
Nearly Sorted,1000000,147.056,322.693,30235531,17693313,83,4000000
Nearly Sorted,1000000,142.529,312.309,28426155,17690630,83,4000000
Nearly Sorted,1000000,140.287,312.288,27908704,17698213,83,4000000
Nearly Sorted,1000000,141.123,307.893,28251309,17698315,83,4000000
Nearly Sorted,1000000,141.733,313.081,28647897,17689809,83,4000000
Nearly Sorted,1000000,142.303,310.623,29472266,17695047,83,4000000
Nearly Sorted,1000000,141.875,315.343,28131992,17691873,83,4000000
Nearly Sorted,1000000,142.342,313.448,28862269,17694870,83,4000000
Nearly Sorted,1000000,145.427,312.986,30485062,17698970,83,4000000
Nearly Sorted,1000000,141.959,312.003,29529415,17699465,83,4000000
Nearly Sorted,1000000,147.514,311.186,29479520,17691250,83,4000000
Nearly Sorted,1000000,145.903,331.534,30133511,17699175,83,4000000
Nearly Sorted,1000000,142.746,312.079,28563600,17692253,83,4000000
Nearly Sorted,1000000,139.894,313.662,27706267,17682556,83,4000000
Nearly Sorted,1000000,141.82,313.318,28626444,17688289,83,4000000
Nearly Sorted,1000000,141.452,322.488,28601522,17685636,83,4000000
Nearly Sorted,1000000,145.93,314.212,30253761,17693614,83,4000000
Nearly Sorted,1000000,140.912,311.537,29284446,17687871,83,4000000
Nearly Sorted,1000000,141.809,311.02,29092335,17692996,83,4000000
Nearly Sorted,1000000,145.755,314.424,30190528,17681654,83,4000000
Nearly Sorted,1000000,141.123,315.293,28931788,17705596,83,4000000
Nearly Sorted,1000000,140.728,308.669,28515323,17683138,83,4000000
Nearly Sorted,1000000,143.258,312.285,28798886,17681513,83,4000000
Nearly Sorted,1000000,142.768,311.753,28484926,17696978,83,4000000
Nearly Sorted,1000000,142.643,315.652,29836717,17683993,83,4000000
Nearly Sorted,1000000,143.001,314.427,29007908,17698351,83,4000000
Nearly Sorted,1000000,141.694,309.977,28620337,17694303,83,4000000
Nearly Sorted,1000000,141.643,312.68,28427036,17699668,83,4000000
Nearly Sorted,1000000,143.632,310.027,28653267,17693359,83,4000000
Nearly Sorted,1000000,140.063,306.781,28387945,17695166,83,4000000
Nearly Sorted,1000000,141.293,311.939,28673471,17695772,83,4000000
Nearly Sorted,1000000,143.379,311.259,28917191,17693481,83,4000000
Nearly Sorted,1000000,145.356,310.128,29722086,17702634,83,4000000
Nearly Sorted,1000000,141.531,313.207,28664489,17687963,83,4000000
Nearly Sorted,1000000,141.664,313.923,29118677,17699079,83,4000000
Nearly Sorted,1000000,141.648,310.501,28181040,17683588,83,4000000
Nearly Sorted,1000000,142.642,328.771,28599823,17692230,83,4000000
Nearly Sorted,1000000,143.699,310.878,28442735,17684269,83,4000000
Nearly Sorted,1000000,141.342,309.089,28351279,17707275,83,4000000
Nearly Sorted,1000000,145.529,307.205,30108554,17697794,83,4000000
Nearly Sorted,1000000,145.198,311.753,30780592,17700299,83,4000000
Nearly Sorted,1000000,140.35,309.371,27598146,17699596,83,4000000
Nearly Sorted,1000000,144.105,333.886,28842708,17684507,83,4000000
Nearly Sorted,1000000,140.959,313.578,28532900,17690182,83,4000000
Nearly Sorted,1000000,142.466,311.276,28524557,17687847,83,4000000
Nearly Sorted,1000000,143.177,321.369,28478854,17686367,83,4000000
Nearly Sorted,1000000,140.947,312.475,28361168,17696858,83,4000000
Nearly Sorted,1000000,143.008,310.905,29163441,17697528,83,4000000
Nearly Sorted,1000000,142.873,310.58,29337173,17701775,83,4000000
Nearly Sorted,1000000,140.335,310.774,28336539,17694824,83,4000000
Nearly Sorted,1000000,141.148,306.171,28251123,17693444,83,4000000
Nearly Sorted,1000000,142.046,307.742,29164386,17695215,83,4000000
Nearly Sorted,1000000,144.494,312.377,28880562,17692714,83,4000000
Nearly Sorted,1000000,142.944,311.415,29018398,17700136,83,4000000
Nearly Sorted,1000000,139.637,314.307,28277309,17683022,83,4000000
Nearly Sorted,1000000,142.182,313.419,29222944,17693794,83,4000000
Nearly Sorted,1000000,145.646,315.119,29825896,17699349,83,4000000
Nearly Sorted,1000000,139.892,312.877,27953680,17696102,83,4000000
Nearly Sorted,1000000,139.694,312.145,28525815,17689834,83,4000000
Nearly Sorted,1000000,150.896,316.704,28397859,17693668,83,4000000
Nearly Sorted,1000000,140.956,315.416,28729142,17690826,83,4000000
Nearly Sorted,1000000,142.057,318.6,28268488,17690969,83,4000000
Nearly Sorted,1000000,142.787,310.159,29243891,17696184,83,4000000
Nearly Sorted,1000000,139.695,316.65,27841985,17689418,83,4000000
Nearly Sorted,1000000,141.487,312.488,28481681,17699432,83,4000000
Nearly Sorted,1000000,140.49,313.637,27699119,17697804,83,4000000
Nearly Sorted,1000000,143.692,320.19,28737236,17683102,83,4000000
Nearly Sorted,1000000,141.617,313.769,27799551,17700357,83,4000000
Nearly Sorted,1000000,141.762,313.291,28536071,17697019,83,4000000
Nearly Sorted,1000000,140.446,311.087,28670391,17695832,83,4000000
Nearly Sorted,1000000,140.695,314.055,28921084,17685210,83,4000000
Nearly Sorted,1000000,141.748,309.272,28634153,17697088,83,4000000
Nearly Sorted,1000000,144.24,311.971,28907362,17686160,83,4000000
Nearly Sorted,1000000,143.841,313.599,28935035,17688847,83,4000000
Nearly Sorted,1000000,147.573,315.845,28325717,17693796,83,4000000
Nearly Sorted,1000000,138.466,313.299,27806029,17691325,83,4000000
Nearly Sorted,1000000,140.222,316.96,27942836,17695346,83,4000000
Nearly Sorted,1000000,146.198,317.03,28547968,17702739,83,4000000
Nearly Sorted,1000000,141.906,315.862,27797649,17698484,83,4000000
Nearly Sorted,1000000,143.881,318.129,29523755,17698695,83,4000000
Nearly Sorted,1000000,141.498,313.367,28419297,17695234,83,4000000
Nearly Sorted,1000000,142.083,313.846,28383204,17699905,83,4000000
Nearly Sorted,1000000,140.321,311.041,28202740,17686274,83,4000000
Nearly Sorted,1000000,138.536,309.995,27596840,17697826,83,4000000
Nearly Sorted,1000000,143.606,326.474,28756701,17681549,83,4000000
Nearly Sorted,1000000,143.596,316.298,28239210,17691710,83,4000000
Nearly Sorted,1000000,139.773,311.142,27811801,17697691,83,4000000
Nearly Sorted,1000000,140.65,310.38,28652582,17695608,83,4000000
Nearly Sorted,1000000,140.385,315.146,28265757,17693425,83,4000000
Nearly Sorted,1000000,143.796,311.55,28786461,17700826,83,4000000
Nearly Sorted,1000000,140.336,311.58,28592454,17685165,83,4000000
Nearly Sorted,1000000,144.788,307.109,30837396,17691950,83,4000000
Nearly Sorted,1000000,141.256,314.456,28490888,17695769,83,4000000
Nearly Sorted,1000000,140.629,312.804,28046765,17682710,83,4000000
Nearly Sorted,1000000,142.303,312.775,28487328,17685758,83,4000000
Nearly Sorted,1000000,141.208,315.293,28373123,17693222,83,4000000
Nearly Sorted,1000000,141.703,311.188,28877554,17688303,83,4000000
Nearly Sorted,1000000,143.657,312.146,29005130,17692400,83,4000000
Nearly Sorted,1000000,141.662,308.956,28229469,17682350,83,4000000
Nearly Sorted,1000000,141.715,311.331,28990584,17690587,83,4000000
Nearly Sorted,1000000,143.875,310.424,29061583,17691047,83,4000000
Nearly Sorted,1000000,141.832,310.325,28318963,17693907,83,4000000
Nearly Sorted,1000000,144.448,311.756,28262055,17695810,83,4000000
Nearly Sorted,1000000,142.696,309.28,29364524,17693612,83,4000000
Nearly Sorted,1000000,141.624,310.964,29459977,17692394,83,4000000
Nearly Sorted,1000000,138.516,311.411,27834222,17697996,83,4000000
Nearly Sorted,1000000,145.047,325.402,29434146,17699557,83,4000000
Nearly Sorted,1000000,141.503,309.906,28632586,17689496,83,4000000
Nearly Sorted,1000000,140.274,321.263,28047876,17700384,83,4000000
Nearly Sorted,1000000,142.965,311.153,29740078,17698866,83,4000000
Nearly Sorted,1000000,144.538,323.24,29004803,17705208,83,4000000
Nearly Sorted,1000000,142.224,315.076,29259285,17698591,83,4000000
Nearly Sorted,1000000,140.732,320.002,28644542,17707852,83,4000000
Nearly Sorted,1000000,141.528,310.702,28352524,17695189,83,4000000
Nearly Sorted,1000000,141.007,312.258,28781250,17695973,83,4000000
Nearly Sorted,1000000,142.57,310.756,28848327,17702889,83,4000000
Nearly Sorted,1000000,144.603,312.169,28466106,17687613,83,4000000
Nearly Sorted,1000000,142.192,312.223,28676439,17702535,83,4000000
Nearly Sorted,1000000,140.92,311.234,28534189,17699431,83,4000000
Nearly Sorted,1000000,140.435,307.904,28267819,17693957,83,4000000
Nearly Sorted,1000000,141.543,310.889,28365395,17697775,83,4000000
Nearly Sorted,1000000,146.712,315.932,29765209,17692795,83,4000000
Nearly Sorted,1000000,147.96,318.607,30045487,17685813,83,4000000
Nearly Sorted,1000000,144.338,312.622,30127177,17688417,83,4000000
Nearly Sorted,1000000,140.645,312.633,28542959,17691154,83,4000000
Nearly Sorted,1000000,142.92,310.14,28625170,17686314,83,4000000
Nearly Sorted,1000000,141.015,315.301,27544952,17697783,83,4000000
Nearly Sorted,1000000,141.593,312.24,28673559,17684152,83,4000000
Nearly Sorted,1000000,140.174,313.427,27974977,17690183,83,4000000
Nearly Sorted,1000000,144.325,309.707,30372862,17692898,83,4000000
Nearly Sorted,1000000,144.196,314.85,29852262,17691576,83,4000000
Nearly Sorted,1000000,142.924,315.493,29587968,17693418,83,4000000
Nearly Sorted,1000000,145.73,314.961,28575216,17696832,83,4000000
Nearly Sorted,1000000,142.762,332.954,28307413,17693847,83,4000000
Nearly Sorted,1000000,141.868,312.585,28756568,17702838,83,4000000
Nearly Sorted,1000000,143.683,313.169,29330408,17681100,83,4000000
Nearly Sorted,1000000,142.177,314.483,28525535,17701515,83,4000000
Nearly Sorted,1000000,142.967,315.46,27954008,17696613,83,4000000
Nearly Sorted,1000000,142.341,316.539,28457784,17698018,83,4000000
Nearly Sorted,1000000,143.646,313.919,29895786,17690712,83,4000000
Nearly Sorted,1000000,147.171,313.231,30064343,17699131,83,4000000
Nearly Sorted,1000000,140.13,313.781,28028889,17697300,83,4000000
Nearly Sorted,1000000,151.868,310.347,28765202,17694304,83,4000000
Nearly Sorted,1000000,141.617,314.186,28346392,17701012,83,4000000
Nearly Sorted,1000000,144.031,312.703,29550628,17692285,83,4000000
Nearly Sorted,1000000,146.539,314.914,30254228,17697960,83,4000000
Nearly Sorted,1000000,141.724,311.816,28915440,17693689,83,4000000
Nearly Sorted,1000000,145.139,308.931,28188704,17691699,83,4000000
Nearly Sorted,1000000,144.138,315.785,28504616,17701814,83,4000000
Nearly Sorted,1000000,142.368,311.574,28539593,17697370,83,4000000
Nearly Sorted,1000000,143.376,311.188,29554464,17694470,83,4000000
Nearly Sorted,1000000,141.432,313.125,28542589,17688528,83,4000000
Nearly Sorted,1000000,141.728,311.846,28787906,17701612,83,4000000
Nearly Sorted,1000000,143.955,311.132,29234679,17693634,83,4000000
Nearly Sorted,1000000,145.526,316.739,29985917,17696500,83,4000000
Nearly Sorted,1000000,140.874,313.68,28095592,17695874,83,4000000
Nearly Sorted,1000000,141.248,329.082,28331912,17693031,83,4000000
Nearly Sorted,1000000,142.185,311.468,28289762,17689419,83,4000000
Nearly Sorted,1000000,141.83,309.485,29095284,17686612,83,4000000
Nearly Sorted,1000000,140.741,313.251,28353639,17693576,83,4000000
Nearly Sorted,1000000,147.434,309.809,31685461,17700296,83,4000000
Nearly Sorted,1000000,141.659,310.286,28743723,17687111,83,4000000
Nearly Sorted,1000000,140.881,315.26,28175854,17691527,83,4000000
Nearly Sorted,1000000,141.044,312.323,28961788,17685859,83,4000000
Nearly Sorted,1000000,145.715,308.043,29075092,17699441,83,4000000
Nearly Sorted,1000000,144.748,319.694,29026296,17685241,83,4000000
Nearly Sorted,1000000,142.121,314.028,28454887,17679426,83,4000000
Nearly Sorted,1000000,143.186,309.499,28264697,17691586,83,4000000
Nearly Sorted,1000000,142.74,309.195,28300493,17708227,83,4000000
Nearly Sorted,1000000,141.782,310.815,28803093,17682949,83,4000000
Nearly Sorted,1000000,151.817,312.675,28028738,17695493,83,4000000
Nearly Sorted,1000000,142.228,313.669,28535074,17690218,83,4000000
Nearly Sorted,1000000,142.687,312.965,28823529,17692303,83,4000000
Nearly Sorted,1000000,140.633,313.321,28956294,17690831,83,4000000
Nearly Sorted,1000000,141.781,313.118,29438441,17696941,83,4000000
Nearly Sorted,1000000,145.111,332.454,28015617,17690606,83,4000000
Nearly Sorted,1000000,145.028,313.482,30033620,17690141,83,4000000
Nearly Sorted,1000000,140.779,312.788,28074186,17690370,83,4000000
Nearly Sorted,1000000,142.822,309.76,28268695,17688982,83,4000000
Nearly Sorted,1000000,141.522,307.616,28043886,17699912,83,4000000
Nearly Sorted,1000000,142.099,336.321,29075721,17684943,83,4000000
Nearly Sorted,1000000,139.737,309.439,28083985,17689231,83,4000000
Nearly Sorted,1000000,140.36,311.111,28374717,17680295,83,4000000
Nearly Sorted,1000000,139.844,308.194,28436402,17696301,83,4000000
Nearly Sorted,1000000,141.388,310.027,28814026,17694415,83,4000000
Nearly Sorted,1000000,143.368,310.512,29225344,17697468,83,4000000
Nearly Sorted,1000000,144.664,313.856,29621949,17695851,83,4000000
Nearly Sorted,1000000,142.238,312.657,28713460,17698499,83,4000000
Nearly Sorted,1000000,141.697,314.924,28764672,17687154,83,4000000
Nearly Sorted,1000000,144.516,310.083,30236144,17689105,83,4000000
Nearly Sorted,1000000,141.94,311.907,28679998,17702734,83,4000000
Nearly Sorted,1000000,141.228,318.47,28214325,17691441,83,4000000
Nearly Sorted,1000000,140.73,310.955,28317250,17679264,83,4000000
Nearly Sorted,1000000,139.396,312.421,27729828,17692900,83,4000000
Nearly Sorted,1000000,141.415,314.008,28888287,17685465,83,4000000
Nearly Sorted,1000000,141.358,311.174,28951684,17686256,83,4000000
Nearly Sorted,1000000,142.361,306.367,29120542,17692696,83,4000000
Nearly Sorted,1000000,143.94,313.068,28931340,17697921,83,4000000
Nearly Sorted,1000000,141.455,316.25,27907658,17695614,83,4000000
Nearly Sorted,1000000,139.334,314.613,27846911,17692719,83,4000000
Nearly Sorted,1000000,141.753,308.198,28519881,17693916,83,4000000
Nearly Sorted,1000000,142.255,309.251,28500808,17697470,83,4000000
Nearly Sorted,1000000,139.876,325.305,28497669,17687981,83,4000000
Nearly Sorted,1000000,149.246,306.993,28103992,17693296,83,4000000
Nearly Sorted,1000000,138.334,308.967,28145477,17692120,83,4000000
Nearly Sorted,1000000,139.01,308.947,28081050,17680467,83,4000000
Nearly Sorted,1000000,141.204,319.466,28856642,17684263,83,4000000
Nearly Sorted,1000000,141.504,313.195,28187419,17686846,83,4000000
Nearly Sorted,1000000,143.841,311.508,29065365,17694272,83,4000000
Nearly Sorted,1000000,143.83,315.699,28734586,17690796,83,4000000
Nearly Sorted,1000000,142.362,314.901,29554669,17697427,83,4000000
Nearly Sorted,1000000,142.479,310.019,28602794,17699051,83,4000000
Nearly Sorted,1000000,145.136,311.103,29170749,17692581,83,4000000
Nearly Sorted,1000000,140.711,317.326,28103436,17699331,83,4000000
Nearly Sorted,1000000,141.219,312.185,28675443,17678273,83,4000000
Nearly Sorted,1000000,140.447,311.001,28029455,17694075,83,4000000
Nearly Sorted,1000000,140.268,308.186,28637077,17693007,83,4000000
Nearly Sorted,1000000,139.506,308.083,28099927,17696275,83,4000000
Nearly Sorted,1000000,140.595,307.107,29010563,17686078,83,4000000
Nearly Sorted,1000000,143.647,308.061,29399082,17690160,83,4000000
Nearly Sorted,1000000,140.354,307.384,28468695,17694862,83,4000000
Nearly Sorted,1000000,141.257,309.452,28750098,17693541,83,4000000
Nearly Sorted,1000000,139.577,306.464,28156640,17688703,83,4000000
Nearly Sorted,1000000,143.881,310.143,27861994,17690444,83,4000000
Nearly Sorted,1000000,141.122,322.765,28476461,17695763,83,4000000
Nearly Sorted,1000000,140.681,308.307,28671950,17700277,83,4000000
Nearly Sorted,1000000,141.39,310.919,28699134,17690790,83,4000000
Nearly Sorted,1000000,140.457,324.884,28527160,17690662,83,4000000
Nearly Sorted,1000000,139.615,317.816,28135173,17686119,83,4000000
Nearly Sorted,1000000,142.419,311.359,28968301,17693255,83,4000000
Nearly Sorted,1000000,142.822,313.132,28461925,17700536,83,4000000
Nearly Sorted,1000000,144.178,311.863,27910230,17704419,83,4000000
Nearly Sorted,1000000,141.675,313.094,29349397,17699193,83,4000000
Nearly Sorted,1000000,143.079,312.612,28322210,17687721,83,4000000
Nearly Sorted,1000000,139.989,313.98,27702771,17694456,83,4000000
Nearly Sorted,1000000,142.839,311.282,29386630,17695139,83,4000000
Nearly Sorted,1000000,143.136,312.316,28948184,17687744,83,4000000
Nearly Sorted,1000000,140.349,310.34,28416441,17694695,83,4000000
Nearly Sorted,1000000,145.767,310.831,28591619,17687512,83,4000000
Nearly Sorted,1000000,143.327,316.369,28073384,17683268,83,4000000
Nearly Sorted,1000000,143.575,308.98,30207578,17702823,83,4000000
Nearly Sorted,1000000,140.577,310.157,28384669,17691388,83,4000000
Nearly Sorted,1000000,161.244,316.198,27785152,17690888,83,4000000
Nearly Sorted,1000000,141.241,316.729,28612594,17686925,83,4000000
Nearly Sorted,1000000,145.121,308.245,28493777,17698649,83,4000000
Nearly Sorted,1000000,143.965,312.762,29519275,17690155,83,4000000
Nearly Sorted,1000000,139.27,308.427,27869582,17699558,83,4000000
Nearly Sorted,1000000,142.848,318.178,28565860,17696940,83,4000000
Nearly Sorted,1000000,138.657,310.562,28004273,17694303,83,4000000
Nearly Sorted,1000000,142.488,306.493,28881120,17684868,83,4000000
Nearly Sorted,1000000,138.078,310.511,27719150,17697293,83,4000000
Nearly Sorted,1000000,141.117,322.596,28502957,17680817,83,4000000
Nearly Sorted,1000000,141.242,307.467,28173177,17696920,83,4000000
Nearly Sorted,1000000,142.349,311.885,29383682,17697991,83,4000000
Nearly Sorted,1000000,143.25,309.134,28419580,17691001,83,4000000
Nearly Sorted,1000000,144.424,309.664,28452055,17692931,83,4000000
Nearly Sorted,1000000,143.768,312.738,28337646,17698263,83,4000000
Nearly Sorted,1000000,140.502,312.198,28256756,17694858,83,4000000
Nearly Sorted,1000000,140.205,313.624,28386127,17697778,83,4000000
Nearly Sorted,1000000,140.901,305.258,28170059,17687151,83,4000000
Nearly Sorted,1000000,143.23,312.038,28812264,17698612,83,4000000
Nearly Sorted,1000000,160.323,315.797,28699082,17692164,83,4000000
Nearly Sorted,1000000,141.643,319.749,29340293,17683856,83,4000000
Nearly Sorted,1000000,140.8,309.488,28144095,17687645,83,4000000
Nearly Sorted,1000000,141.681,312.835,28124345,17692190,83,4000000
Nearly Sorted,1000000,142.457,312.628,28613980,17672578,83,4000000
Nearly Sorted,1000000,138.228,311.985,27719586,17684398,83,4000000
Nearly Sorted,1000000,140.974,308.374,29235690,17694072,83,4000000
Nearly Sorted,1000000,141.474,310.272,28464283,17691598,83,4000000
Nearly Sorted,1000000,139.825,306.477,28666309,17690790,83,4000000
Nearly Sorted,1000000,140.734,307.669,28889652,17689668,83,4000000
Nearly Sorted,1000000,141.662,308.817,28832092,17702773,83,4000000
Nearly Sorted,1000000,140.749,310.422,28581410,17699192,83,4000000
Nearly Sorted,1000000,141.02,314.929,28565795,17690914,83,4000000
Nearly Sorted,1000000,143.582,327.141,28994143,17687626,83,4000000
Nearly Sorted,1000000,143.482,317.945,29122264,17679330,83,4000000
Nearly Sorted,1000000,143.704,314.438,28774571,17688269,83,4000000
Nearly Sorted,1000000,146.361,323.9,30614374,17699905,83,4000000
Nearly Sorted,1000000,139.83,313.93,27650756,17695157,83,4000000
Nearly Sorted,1000000,140.235,314.598,27979412,17689055,83,4000000
Nearly Sorted,1000000,141.403,312.053,28253304,17685653,83,4000000
Nearly Sorted,1000000,142.415,313.592,29499800,17696773,83,4000000
Nearly Sorted,1000000,142.779,308.831,28756230,17696505,83,4000000
Nearly Sorted,1000000,141.528,310.453,28445666,17698844,83,4000000
Nearly Sorted,1000000,141.861,314.188,28948458,17673561,83,4000000
Nearly Sorted,1000000,143.96,313.621,28906091,17691442,83,4000000
Nearly Sorted,1000000,146.757,314.78,27734057,17689780,83,4000000
Nearly Sorted,1000000,143.92,313.978,28230984,17698051,83,4000000
Nearly Sorted,1000000,142.455,310.637,29507418,17689953,83,4000000
Nearly Sorted,1000000,142.712,309.805,28818599,17700268,83,4000000
Nearly Sorted,1000000,143.546,316.571,29160699,17692426,83,4000000
Nearly Sorted,1000000,142.771,312.955,29586664,17696245,83,4000000
Nearly Sorted,1000000,145.671,316.22,30118695,17690355,83,4000000
Nearly Sorted,1000000,143.035,316.128,28368517,17691862,83,4000000
Nearly Sorted,1000000,142.589,313.014,29462408,17691601,83,4000000
Nearly Sorted,1000000,142.607,312.437,29070576,17695894,83,4000000
Nearly Sorted,1000000,141.673,311.071,28124466,17693475,83,4000000
Nearly Sorted,1000000,141.875,332.605,28549046,17699353,83,4000000
Nearly Sorted,1000000,144.825,324.68,30157850,17686728,83,4000000
Nearly Sorted,1000000,152.198,310.702,28800613,17692344,83,4000000
Nearly Sorted,1000000,143.098,314.355,29173960,17681111,83,4000000
Nearly Sorted,1000000,144.388,316.23,29966368,17704996,83,4000000
Nearly Sorted,1000000,144.019,308.937,28511602,17708483,83,4000000
Nearly Sorted,1000000,141.177,316.339,28528240,17690464,83,4000000
Nearly Sorted,1000000,142.418,317.965,28032271,17680133,83,4000000
Nearly Sorted,1000000,147.133,311.535,30780196,17690150,83,4000000
Nearly Sorted,1000000,142.731,311.14,28790566,17698075,83,4000000
Nearly Sorted,1000000,144.07,313.073,29327358,17694038,83,4000000
Nearly Sorted,1000000,145.285,322.347,28227661,17688162,83,4000000
Nearly Sorted,1000000,141.485,321.383,28594341,17700718,83,4000000
Nearly Sorted,1000000,140.227,308.867,28223773,17703827,83,4000000
Nearly Sorted,1000000,139.532,310.369,27973271,17696413,83,4000000
Nearly Sorted,1000000,141.3,311.191,28513536,17691539,83,4000000
Nearly Sorted,1000000,142.166,312.226,29082000,17695084,83,4000000
Nearly Sorted,1000000,142.626,315.636,28128504,17685208,83,4000000
Nearly Sorted,1000000,140.067,311.018,28424764,17695191,83,4000000
Nearly Sorted,1000000,141.543,314.077,29130814,17693119,83,4000000
Nearly Sorted,1000000,142.369,308.127,29038966,17688476,83,4000000
Nearly Sorted,1000000,140.012,314.103,27948322,17689472,83,4000000
Nearly Sorted,1000000,144.65,330.437,29607458,17694946,83,4000000
Nearly Sorted,1000000,141.102,314.148,29183848,17696918,83,4000000
Nearly Sorted,1000000,142.266,316.51,28134896,17701086,83,4000000
Nearly Sorted,1000000,141.746,309.576,28395351,17690598,83,4000000
Nearly Sorted,1000000,141.282,313.368,28672100,17686368,83,4000000
Nearly Sorted,1000000,141.122,316.731,28670791,17693378,83,4000000
Nearly Sorted,1000000,141.107,310.024,28016258,17697017,83,4000000
Nearly Sorted,1000000,140.496,311.854,28734537,17686070,83,4000000
Nearly Sorted,1000000,147.198,311.397,29321189,17688780,83,4000000
Nearly Sorted,1000000,140.646,312.135,28444955,17693726,83,4000000
Nearly Sorted,1000000,145.248,321.624,28854817,17688470,83,4000000
Nearly Sorted,1000000,145.093,317.904,28512861,17692835,83,4000000
Nearly Sorted,1000000,141.55,314.087,28442939,17699565,83,4000000
Nearly Sorted,1000000,141.86,311.799,28265815,17694447,83,4000000
Nearly Sorted,1000000,140.992,307.558,28197248,17682909,83,4000000
Nearly Sorted,1000000,142.653,309.313,28625184,17695161,83,4000000
Nearly Sorted,1000000,142.827,309.368,28538452,17691419,83,4000000
Nearly Sorted,1000000,140.564,314.332,28116438,17694918,83,4000000
Nearly Sorted,1000000,141.605,312.199,28939909,17681503,83,4000000
Nearly Sorted,1000000,141.027,309.105,28637049,17700787,83,4000000
Nearly Sorted,1000000,140.788,309.877,28254838,17687581,83,4000000
Nearly Sorted,1000000,149.943,315.973,27739747,17686004,83,4000000
Nearly Sorted,1000000,145.677,320.789,28931449,17684679,83,4000000
Nearly Sorted,1000000,141.591,330.045,28162302,17698015,83,4000000
Nearly Sorted,1000000,142.806,310.992,28845899,17690520,83,4000000
Nearly Sorted,1000000,140.387,311.352,27927805,17674628,83,4000000
Nearly Sorted,1000000,141.338,312.122,28275601,17689673,83,4000000
Nearly Sorted,1000000,139.158,312.813,27998712,17698955,83,4000000
Nearly Sorted,1000000,141.419,313.062,28853084,17684988,83,4000000
Nearly Sorted,1000000,138.681,311.722,27965250,17691835,83,4000000
Nearly Sorted,1000000,142.675,310.339,28720569,17702667,83,4000000
Nearly Sorted,1000000,145.111,315.81,29625127,17688842,83,4000000
Nearly Sorted,1000000,142.199,318.243,28465200,17678807,83,4000000
Nearly Sorted,1000000,140.616,313.659,28032386,17685799,83,4000000
Nearly Sorted,1000000,140.813,311.262,27845143,17702147,83,4000000
Nearly Sorted,1000000,143.671,316.761,29331243,17695511,83,4000000
Nearly Sorted,1000000,139.553,311.431,27974727,17694835,83,4000000
Nearly Sorted,1000000,142.54,307.75,29609528,17705461,83,4000000
Nearly Sorted,1000000,143.268,309.311,29332543,17695153,83,4000000
Nearly Sorted,1000000,142.675,309.894,28369953,17689323,83,4000000
Nearly Sorted,1000000,143.666,311.395,28668714,17694484,83,4000000
Nearly Sorted,1000000,138.653,311.612,28042529,17696423,83,4000000
Nearly Sorted,1000000,142.123,311.213,28749376,17693559,83,4000000
Nearly Sorted,1000000,145.36,318.396,29011764,17694561,83,4000000
Nearly Sorted,1000000,142.802,321.459,28729391,17686836,83,4000000
Nearly Sorted,1000000,143.694,308.957,30060442,17693441,83,4000000
Nearly Sorted,1000000,139.28,327.591,28169508,17691817,83,4000000
Nearly Sorted,1000000,139.548,306.883,28147780,17677571,83,4000000
Nearly Sorted,1000000,139.516,311.858,27601094,17695099,83,4000000
Nearly Sorted,1000000,140.276,313.148,27710942,17690648,83,4000000
Nearly Sorted,1000000,139.443,310.862,28031349,17687445,83,4000000
Nearly Sorted,1000000,139.865,313.506,28400409,17700325,83,4000000
Nearly Sorted,1000000,138.263,312.324,27717475,17692576,83,4000000
Nearly Sorted,1000000,144.364,308.971,28380961,17697169,83,4000000
Nearly Sorted,1000000,143.145,327.539,29024209,17698061,83,4000000
Nearly Sorted,1000000,142.246,311.623,28598214,17676708,83,4000000
Nearly Sorted,1000000,144.487,306.395,30148712,17690689,83,4000000
Nearly Sorted,1000000,141.298,307.473,28872920,17697636,83,4000000
Nearly Sorted,1000000,145.605,312.718,28899248,17692782,83,4000000
Nearly Sorted,1000000,140.805,310.353,28784407,17706275,83,4000000
Nearly Sorted,1000000,143.292,312.987,28625560,17680893,83,4000000
Nearly Sorted,1000000,140.641,309.755,28430683,17698133,83,4000000
Nearly Sorted,1000000,139.956,306.275,28013803,17694003,83,4000000
Nearly Sorted,1000000,141.655,314.089,28563554,17698580,83,4000000
Nearly Sorted,1000000,145.462,323.512,27959612,17680184,83,4000000
Nearly Sorted,1000000,146.492,312.216,29624159,17705345,83,4000000
Nearly Sorted,1000000,143.047,318.582,28052696,17689817,83,4000000
Nearly Sorted,1000000,141.549,313.984,28940011,17691630,83,4000000
Nearly Sorted,1000000,142.833,308.621,29129402,17686786,83,4000000
Nearly Sorted,1000000,142.827,326.08,28698419,17687558,83,4000000
Nearly Sorted,1000000,140.279,308.685,28338509,17678578,83,4000000
Nearly Sorted,1000000,142.081,310.632,28986325,17698053,83,4000000
Nearly Sorted,1000000,140.226,312.706,28203086,17689533,83,4000000
Nearly Sorted,1000000,140.258,308.81,28394333,17693905,83,4000000
Nearly Sorted,1000000,139.636,312.048,28474999,17692777,83,4000000
Nearly Sorted,1000000,139.078,306.819,27973656,17699808,83,4000000
Nearly Sorted,1000000,141.604,316.979,28029043,17682968,83,4000000
Nearly Sorted,1000000,141.369,312.663,28934813,17700844,83,4000000
Nearly Sorted,1000000,142.513,310.998,28724387,17700196,83,4000000
Nearly Sorted,1000000,140.765,309.868,28674885,17694604,83,4000000
Nearly Sorted,1000000,142.281,315.113,28572696,17690591,83,4000000
Nearly Sorted,1000000,140.175,308.662,28338933,17698714,83,4000000
Nearly Sorted,1000000,140.451,309.014,28416861,17692117,83,4000000
Nearly Sorted,1000000,138.2,309.813,27848450,17692942,83,4000000
Nearly Sorted,1000000,147.822,312.424,28979185,17689200,83,4000000
Nearly Sorted,1000000,141.017,310.801,28679040,17695463,83,4000000
Nearly Sorted,1000000,149.167,317.072,28691486,17682589,83,4000000
Nearly Sorted,1000000,143.21,312.934,29555734,17700628,83,4000000
Nearly Sorted,1000000,147.459,311.95,30142465,17696159,83,4000000
Nearly Sorted,1000000,138.856,307.711,28235038,17694735,83,4000000
Nearly Sorted,1000000,141.771,306.661,28509287,17697380,83,4000000
Nearly Sorted,1000000,141.927,313.674,29040309,17698534,83,4000000
Nearly Sorted,1000000,140.46,327.631,28545125,17684001,83,4000000
Nearly Sorted,1000000,141.484,312.134,28981984,17690001,83,4000000
Nearly Sorted,1000000,142.073,310.017,29019424,17694507,83,4000000
Nearly Sorted,1000000,138.899,309.091,28099138,17705565,83,4000000
Nearly Sorted,1000000,143.211,313.9,28235601,17688543,83,4000000
Nearly Sorted,1000000,142.426,311.357,29261566,17685195,83,4000000
Nearly Sorted,1000000,144.947,314.564,30151523,17697420,83,4000000
Nearly Sorted,1000000,142.652,312.113,28688004,17696050,83,4000000
Nearly Sorted,1000000,141.012,311.246,28013696,17699647,83,4000000
Nearly Sorted,1000000,139.713,308.334,28563482,17688709,83,4000000
Nearly Sorted,1000000,140.478,307.273,28816991,17691977,83,4000000
Nearly Sorted,1000000,141.952,311.991,28224574,17696130,83,4000000
Nearly Sorted,1000000,141.455,310.735,29041223,17695815,83,4000000
Nearly Sorted,1000000,142.176,308.758,29100530,17682790,83,4000000
Nearly Sorted,1000000,145.798,317.864,29115506,17690348,83,4000000
Nearly Sorted,1000000,143.627,320.807,28296865,17693020,83,4000000
Nearly Sorted,1000000,141.024,312.784,28500765,17685897,83,4000000
Nearly Sorted,1000000,142.046,311.696,28998083,17693910,83,4000000
Nearly Sorted,1000000,140.975,317.801,28009894,17691979,83,4000000
Nearly Sorted,1000000,139.889,314.829,28079819,17687814,83,4000000
Nearly Sorted,1000000,144.979,312.204,29837797,17696720,83,4000000
Nearly Sorted,1000000,140.277,312.794,28370019,17699079,83,4000000
Nearly Sorted,1000000,140.167,306.532,28139958,17694860,83,4000000
Nearly Sorted,1000000,141.043,328.153,28063388,17678879,83,4000000
Nearly Sorted,1000000,146.244,308.035,31008561,17687098,83,4000000
Nearly Sorted,1000000,142.171,311.575,28193683,17704120,83,4000000
Nearly Sorted,1000000,141.444,315.549,28570792,17707459,83,4000000
Nearly Sorted,1000000,141.49,310.83,28165197,17688205,83,4000000
Nearly Sorted,1000000,138.58,314.358,27695530,17694350,83,4000000
Nearly Sorted,1000000,139.871,316.99,27914908,17685039,83,4000000
Nearly Sorted,1000000,141.807,309.41,29566488,17697193,83,4000000
Nearly Sorted,1000000,138.759,310.173,27634870,17688841,83,4000000
Nearly Sorted,1000000,140.193,308.129,28020535,17689738,83,4000000
Nearly Sorted,1000000,141.35,315.609,28539329,17691547,83,4000000
Nearly Sorted,1000000,142.623,312.74,28269121,17704949,83,4000000
Nearly Sorted,1000000,142.294,311.644,29567452,17692518,83,4000000
Nearly Sorted,1000000,146.499,313.064,29604919,17694409,83,4000000
Nearly Sorted,1000000,140.551,315.044,27524654,17687845,83,4000000
Nearly Sorted,1000000,144.155,312.713,28898489,17687755,83,4000000
Nearly Sorted,1000000,141.218,313.236,27798584,17689801,83,4000000
Nearly Sorted,1000000,144.287,312.707,29462985,17683487,83,4000000
Nearly Sorted,1000000,140.135,317.832,27993155,17704752,83,4000000
Nearly Sorted,1000000,142.411,312.599,29729728,17697471,83,4000000
Nearly Sorted,1000000,142.417,312.417,29726399,17697798,83,4000000
Nearly Sorted,1000000,142.267,306.964,28831034,17686657,83,4000000
Nearly Sorted,1000000,145.075,309.829,28535074,17699264,83,4000000
Nearly Sorted,1000000,139.638,328.432,27724000,17692934,83,4000000
Nearly Sorted,1000000,141.853,314.411,28493202,17703643,83,4000000
Nearly Sorted,1000000,139.406,326.758,28607500,17689451,83,4000000
Nearly Sorted,1000000,145.769,314.102,29501258,17682294,83,4000000
Nearly Sorted,1000000,146.177,319.695,30288185,17696198,83,4000000
Nearly Sorted,1000000,145.555,313.258,29775602,17689192,83,4000000
Nearly Sorted,1000000,144.178,314.199,29714702,17690271,83,4000000
Nearly Sorted,1000000,141.753,322.386,28276557,17696046,83,4000000
Nearly Sorted,1000000,142.425,310.041,29253354,17700057,83,4000000
Nearly Sorted,1000000,139.519,310.535,28281297,17682874,83,4000000
Nearly Sorted,1000000,143.853,338.536,28123140,17696661,83,4000000
Nearly Sorted,1000000,149.088,322.709,28357489,17687270,83,4000000
Nearly Sorted,1000000,153.508,338.274,28351848,17698154,83,4000000
Nearly Sorted,1000000,145.632,314.709,29614917,17700528,83,4000000
Nearly Sorted,1000000,149.998,321.165,29065853,17690764,83,4000000
Nearly Sorted,1000000,148.191,315.698,28349761,17698392,83,4000000
Nearly Sorted,1000000,142.588,314.163,28218421,17700731,83,4000000
Nearly Sorted,1000000,141.433,311.662,28358675,17707982,83,4000000
Nearly Sorted,1000000,142.044,312.84,29207010,17691276,83,4000000
Nearly Sorted,1000000,141.505,312.232,28535228,17686925,83,4000000
Nearly Sorted,1000000,141.03,311.613,29171658,17695683,83,4000000
Nearly Sorted,1000000,142.13,312.963,28279806,17693681,83,4000000
Nearly Sorted,1000000,141.43,317.735,28709660,17687618,83,4000000
Nearly Sorted,1000000,139.308,323.49,28315182,17689404,83,4000000
Nearly Sorted,1000000,143.349,312.176,28785088,17693828,83,4000000
Nearly Sorted,1000000,143.657,317.036,28745485,17697222,83,4000000
Nearly Sorted,1000000,144.236,315.723,28020707,17686153,83,4000000
Nearly Sorted,1000000,140.683,317.657,28113394,17698953,83,4000000
Nearly Sorted,1000000,138.608,312.317,27758423,17695197,83,4000000
Nearly Sorted,1000000,138.888,312.052,28103163,17694842,83,4000000
Nearly Sorted,1000000,142.672,312.146,28957987,17695323,83,4000000
Nearly Sorted,1000000,143.415,310.454,29386967,17685066,83,4000000
Nearly Sorted,1000000,142.466,308.595,28449161,17698894,83,4000000
Nearly Sorted,1000000,141.832,325.459,28216021,17704802,83,4000000
Nearly Sorted,1000000,142.95,311.217,28547446,17691149,83,4000000
Nearly Sorted,1000000,144.208,310.363,28187762,17689941,83,4000000
Nearly Sorted,1000000,142.092,317.802,28089681,17702641,83,4000000
Nearly Sorted,1000000,141.458,318.841,28721716,17692665,83,4000000
Nearly Sorted,1000000,139.733,321.613,28192131,17682286,83,4000000
Nearly Sorted,1000000,141.734,308.357,28403695,17698097,83,4000000
Nearly Sorted,1000000,143.098,309.058,29348216,17701284,83,4000000
Nearly Sorted,1000000,141.621,312.312,28014603,17689113,83,4000000
Nearly Sorted,1000000,144.44,311.444,30762483,17702820,83,4000000
Nearly Sorted,1000000,145.191,312.915,27998166,17704685,83,4000000
Nearly Sorted,1000000,141.683,314.862,27834198,17683626,83,4000000
Nearly Sorted,1000000,142.395,313.665,29076758,17678356,83,4000000
Nearly Sorted,1000000,142.343,325.372,28920295,17703292,83,4000000
Nearly Sorted,1000000,143.578,317.307,28166513,17682120,83,4000000
Nearly Sorted,1000000,143.055,315.402,28071695,17706770,83,4000000
Nearly Sorted,1000000,141.521,316,28797786,17688508,83,4000000
Nearly Sorted,1000000,146.544,313.122,30975628,17685056,83,4000000
Nearly Sorted,1000000,139.505,314.189,28061835,17695736,83,4000000
Nearly Sorted,1000000,141.293,311.608,27770714,17689197,83,4000000
Nearly Sorted,1000000,139.799,312.386,27958794,17688889,83,4000000
Nearly Sorted,1000000,141.646,317.449,29172858,17691126,83,4000000
Nearly Sorted,1000000,139.878,307.454,28497446,17687918,83,4000000
Nearly Sorted,1000000,139.282,307.727,27952378,17684152,83,4000000
Nearly Sorted,1000000,142.591,309.257,28640710,17705026,83,4000000
Nearly Sorted,1000000,142.839,318.252,28720375,17696323,83,4000000
Nearly Sorted,1000000,143.198,311.095,29285214,17694524,83,4000000
Nearly Sorted,1000000,141.957,316.541,29231570,17679171,83,4000000
Nearly Sorted,1000000,140.612,310.478,27733219,17693754,83,4000000
Nearly Sorted,1000000,141.621,310.43,29217611,17702001,83,4000000
Nearly Sorted,1000000,139.883,310.79,28090670,17705083,83,4000000
Nearly Sorted,1000000,143.242,309.575,29215052,17688605,83,4000000
Nearly Sorted,1000000,142.606,331.04,28514486,17692133,83,4000000
Nearly Sorted,1000000,141.568,313.328,28553871,17692581,83,4000000
Nearly Sorted,1000000,142.301,314.938,29057352,17692850,83,4000000
Nearly Sorted,1000000,147.074,311.352,28228988,17685074,83,4000000
Nearly Sorted,1000000,143.684,317.233,29308593,17703370,83,4000000
Nearly Sorted,1000000,142.028,321.315,27870862,17695090,83,4000000
Nearly Sorted,1000000,142.403,313.284,28349906,17710974,83,4000000
Nearly Sorted,1000000,140.884,310.277,28272721,17688470,83,4000000
Nearly Sorted,1000000,142.672,313.051,28808133,17690698,83,4000000
Nearly Sorted,1000000,141.721,310.796,28844787,17683196,83,4000000
Nearly Sorted,1000000,141.289,310.368,28570197,17700134,83,4000000
Nearly Sorted,1000000,139.308,311.791,27640787,17694598,83,4000000
Nearly Sorted,1000000,140.208,309.567,28847960,17692350,83,4000000
Nearly Sorted,1000000,145.864,312.887,29733071,17694075,83,4000000
Nearly Sorted,1000000,142.652,310.399,29177513,17703591,83,4000000
Nearly Sorted,1000000,142.286,315.039,27934875,17693586,83,4000000
Nearly Sorted,1000000,142.415,314.17,28399349,17701388,83,4000000
Nearly Sorted,1000000,139.665,313.238,28088948,17686898,83,4000000
Nearly Sorted,1000000,142.724,310.865,29172114,17696103,83,4000000
Nearly Sorted,1000000,145.677,312.746,30560863,17681045,83,4000000
Nearly Sorted,1000000,143.1,313.24,29538980,17697485,83,4000000
Nearly Sorted,1000000,142.252,316.869,28899737,17689216,83,4000000
Nearly Sorted,1000000,140.551,311.34,28301193,17695907,83,4000000
Nearly Sorted,1000000,140.908,309.552,28633874,17690184,83,4000000
Nearly Sorted,1000000,143.905,310.265,29063243,17681046,83,4000000
Nearly Sorted,1000000,142.327,310.769,28770149,17684771,83,4000000
Nearly Sorted,1000000,143.716,330.098,29302841,17689713,83,4000000
Nearly Sorted,1000000,142.771,314.693,29000543,17690325,83,4000000
Nearly Sorted,1000000,140.85,317.189,28433823,17684971,83,4000000
Nearly Sorted,1000000,143.348,306.454,28371693,17699246,83,4000000
Nearly Sorted,1000000,141.063,310.754,28727916,17694317,83,4000000
Nearly Sorted,1000000,140.434,308.666,28142949,17701963,83,4000000
Nearly Sorted,1000000,143.962,312.879,29554842,17694073,83,4000000
Nearly Sorted,1000000,152.988,311.864,28386005,17697468,83,4000000
Nearly Sorted,1000000,140.565,312.108,28501659,17701458,83,4000000
Nearly Sorted,1000000,141.978,307.007,28613784,17683083,83,4000000
Nearly Sorted,1000000,143.932,316.71,29470911,17692054,83,4000000
Nearly Sorted,1000000,142.725,317.364,28705291,17694612,83,4000000
Nearly Sorted,1000000,146.263,322.922,28957029,17687165,83,4000000
Nearly Sorted,1000000,140.723,308.57,28295614,17685499,83,4000000
Nearly Sorted,1000000,143.694,312.662,27955649,17703417,83,4000000
Nearly Sorted,1000000,141.146,311.114,28839484,17691397,83,4000000
Nearly Sorted,1000000,146.007,310.251,29862397,17692682,83,4000000
Nearly Sorted,1000000,140.583,307.225,28360643,17685852,83,4000000
Nearly Sorted,1000000,140.356,311.268,28131423,17699661,83,4000000
Nearly Sorted,1000000,141.952,309.977,29081051,17695493,83,4000000
Nearly Sorted,1000000,140.578,310.131,28541894,17697784,83,4000000
Nearly Sorted,1000000,143.448,309.974,28555120,17690080,83,4000000
Nearly Sorted,1000000,144.125,330.097,28692953,17684474,83,4000000
Nearly Sorted,1000000,146.241,315.907,29723182,17680941,83,4000000
Nearly Sorted,1000000,144.169,310.671,28729027,17691931,83,4000000
Nearly Sorted,1000000,142.603,311.927,29308663,17690125,83,4000000
Nearly Sorted,1000000,140.597,312.418,28050552,17680829,83,4000000
Nearly Sorted,1000000,144.051,315.643,28730004,17685663,83,4000000
Nearly Sorted,1000000,139.489,310.267,28093802,17705881,83,4000000
Nearly Sorted,1000000,139.71,311.32,28192368,17691310,83,4000000
Nearly Sorted,1000000,140.365,310.944,27972949,17698351,83,4000000
Nearly Sorted,1000000,140.821,309.076,28744057,17685158,83,4000000
Nearly Sorted,1000000,143.301,313.661,28912654,17694700,83,4000000
Nearly Sorted,1000000,143.684,313.976,29647529,17696634,83,4000000
Nearly Sorted,1000000,144.299,331.32,28086307,17690681,83,4000000
Nearly Sorted,1000000,141.432,310.386,28545902,17687907,83,4000000
Nearly Sorted,1000000,149.395,308.52,32965104,17698168,83,4000000
Nearly Sorted,1000000,139.997,311.988,28132323,17689307,83,4000000
Nearly Sorted,1000000,139.842,322.801,27700830,17685447,83,4000000
Nearly Sorted,1000000,140.161,310.195,28439053,17686455,83,4000000
Nearly Sorted,1000000,141.354,313.687,28304218,17693252,83,4000000
Nearly Sorted,1000000,142.078,310.581,28319352,17695845,83,4000000
Nearly Sorted,1000000,142.921,311.794,29233062,17689357,83,4000000
Nearly Sorted,1000000,141.088,310.068,28735241,17691093,83,4000000
Nearly Sorted,1000000,145.865,326.915,30254400,17686209,83,4000000
Nearly Sorted,1000000,143.518,315.403,28279972,17690294,83,4000000
Nearly Sorted,1000000,141.572,315.334,28400152,17693279,83,4000000
Nearly Sorted,1000000,140.272,308.097,28484579,17685357,83,4000000
Nearly Sorted,1000000,142.965,308.993,29614537,17694930,83,4000000
Nearly Sorted,1000000,141.495,315.893,28703434,17697667,83,4000000
Nearly Sorted,1000000,141.618,309.666,29150317,17701464,83,4000000
Nearly Sorted,1000000,139.582,310.207,28274414,17690738,83,4000000
Nearly Sorted,1000000,142.115,311.694,28885563,17698336,83,4000000
Nearly Sorted,1000000,140.996,311.779,28978884,17696071,83,4000000
Nearly Sorted,1000000,144.854,311.293,28796165,17694471,83,4000000
Nearly Sorted,1000000,146.379,313.223,29297603,17687449,83,4000000
Nearly Sorted,1000000,142.416,312.345,28513369,17692192,83,4000000
Nearly Sorted,1000000,143.49,313.009,29959070,17684892,83,4000000
Nearly Sorted,1000000,143.731,310.534,29680635,17691320,83,4000000
Nearly Sorted,1000000,153.317,310.89,27766332,17695683,83,4000000
Nearly Sorted,1000000,140.48,313.011,28461854,17698768,83,4000000
Nearly Sorted,1000000,141.086,312.351,28381053,17701265,83,4000000
Nearly Sorted,1000000,141.064,312.126,27648266,17694930,83,4000000
Nearly Sorted,1000000,142.664,309.883,28589044,17687880,83,4000000
Nearly Sorted,1000000,140.494,314.305,28320283,17697787,83,4000000
Nearly Sorted,1000000,142.108,307.365,27790222,17695124,83,4000000
Nearly Sorted,1000000,145.485,314.152,29652084,17698150,83,4000000
Nearly Sorted,1000000,141.435,332.402,28180172,17686555,83,4000000
Nearly Sorted,1000000,140.745,313.457,27694204,17683765,83,4000000
Nearly Sorted,1000000,143.514,310.84,28568802,17698026,83,4000000
Nearly Sorted,1000000,141.318,316.185,28422267,17693911,83,4000000
Nearly Sorted,1000000,143.753,312.598,29951270,17689892,83,4000000
Nearly Sorted,1000000,142.617,313.422,29288161,17691640,83,4000000
Nearly Sorted,1000000,142.92,312.397,28965207,17682913,83,4000000
Nearly Sorted,1000000,143.156,313.417,29933996,17696866,83,4000000
Nearly Sorted,1000000,141.446,312.019,28692600,17691132,83,4000000
Nearly Sorted,1000000,145.033,309.256,28352214,17682533,83,4000000
Nearly Sorted,1000000,143.835,322.942,28786219,17694432,83,4000000
Nearly Sorted,1000000,142.054,318.327,28425991,17687983,83,4000000
Nearly Sorted,1000000,139.085,310.772,28419461,17701163,83,4000000
Nearly Sorted,1000000,141.636,310.182,28028755,17692765,83,4000000
Nearly Sorted,1000000,142.756,309.427,29324315,17701560,83,4000000
Nearly Sorted,1000000,141.304,309.787,28624909,17682999,83,4000000
Nearly Sorted,1000000,144.13,309.748,29247986,17683242,83,4000000
Nearly Sorted,1000000,141.138,311.414,28453226,17695214,83,4000000
Nearly Sorted,1000000,142.151,315.119,28573599,17693716,83,4000000
Nearly Sorted,1000000,139.466,309.779,28283930,17691585,83,4000000
Nearly Sorted,1000000,142.54,316.454,28620434,17684859,83,4000000
Nearly Sorted,1000000,144.187,314.286,28966149,17693093,83,4000000
Nearly Sorted,1000000,139.206,339.172,27789929,17690902,83,4000000
Nearly Sorted,1000000,139.288,312.347,27570220,17691474,83,4000000
Nearly Sorted,1000000,143.295,311.169,28904094,17693367,83,4000000
Nearly Sorted,1000000,141.466,310.397,27973842,17689517,83,4000000
Nearly Sorted,1000000,142.181,309.358,28700898,17702427,83,4000000
Nearly Sorted,1000000,143.546,309.26,29999655,17691318,83,4000000
Nearly Sorted,1000000,140.681,316.91,27844670,17680547,83,4000000
Nearly Sorted,1000000,151.624,311.137,27733160,17705404,83,4000000
Nearly Sorted,1000000,142.136,312.158,29518010,17685767,83,4000000
Nearly Sorted,1000000,145.531,316.393,29083245,17690646,83,4000000
Nearly Sorted,1000000,143.136,313.477,28549620,17686019,83,4000000
Nearly Sorted,1000000,141.467,312.519,28527508,17679522,83,4000000
Nearly Sorted,1000000,139.43,308.308,27891211,17693101,83,4000000
Nearly Sorted,1000000,144.851,315.737,28692035,17711847,83,4000000
Nearly Sorted,1000000,139.464,310.373,27891776,17703005,83,4000000
Nearly Sorted,1000000,142.81,309.347,28347220,17689418,83,4000000
Nearly Sorted,1000000,142.515,315.017,28588793,17686279,83,4000000
Nearly Sorted,1000000,140.794,315.61,28653382,17702161,83,4000000
Nearly Sorted,1000000,140.85,312.169,27479486,17687584,83,4000000
Nearly Sorted,1000000,144.147,313.686,28903651,17693934,83,4000000
Nearly Sorted,1000000,143.276,315.529,29815885,17675968,83,4000000
Nearly Sorted,1000000,144.151,312.265,29882583,17692737,83,4000000
Nearly Sorted,1000000,141.997,328.411,28793298,17688624,83,4000000
Nearly Sorted,1000000,139.302,310.407,27578711,17691168,83,4000000
Nearly Sorted,1000000,144.032,313.685,28676699,17688389,83,4000000
Nearly Sorted,1000000,141.818,312.246,28312993,17694404,83,4000000
Nearly Sorted,1000000,144.327,308.497,29051204,17694286,83,4000000
Nearly Sorted,1000000,144.477,309.748,29178037,17689303,83,4000000
Nearly Sorted,1000000,140.344,316.372,28338281,17698095,83,4000000
Nearly Sorted,1000000,140.535,313.217,28280012,17691692,83,4000000
Nearly Sorted,1000000,140.913,314.64,28240752,17691738,83,4000000
Nearly Sorted,1000000,140.095,314.614,27925314,17700907,83,4000000
Nearly Sorted,1000000,144.533,318.153,28272762,17692400,83,4000000
Nearly Sorted,1000000,142.366,327.421,28659964,17701997,83,4000000
Nearly Sorted,1000000,154.598,310.936,28371425,17700928,83,4000000
Nearly Sorted,1000000,141.651,312.013,28227965,17700586,83,4000000
Nearly Sorted,1000000,142.587,309.8,29138917,17698238,83,4000000
Nearly Sorted,1000000,139.658,312.436,28588871,17699009,83,4000000
Nearly Sorted,1000000,139.997,308.68,28118605,17690737,83,4000000
Nearly Sorted,1000000,141.203,312.616,28416874,17698443,83,4000000
Nearly Sorted,1000000,142.205,310.585,28091546,17694459,83,4000000
Nearly Sorted,1000000,140.097,312.754,28503871,17689585,83,4000000
Nearly Sorted,1000000,141.012,315.519,28201756,17686944,83,4000000
Nearly Sorted,1000000,146.267,313.719,29681075,17694376,83,4000000
Nearly Sorted,1000000,141.208,328.165,28508302,17696362,83,4000000
Nearly Sorted,1000000,139.1,314.987,27751255,17696795,83,4000000
Nearly Sorted,1000000,145.525,311.409,29472612,17692917,83,4000000
Nearly Sorted,1000000,140.766,309.868,28275288,17694252,83,4000000
Nearly Sorted,1000000,140.573,311.993,27640848,17689734,83,4000000
Nearly Sorted,1000000,142.804,312.337,29240326,17703630,83,4000000
Nearly Sorted,1000000,141.685,316.548,27988437,17686461,83,4000000
Nearly Sorted,1000000,143.351,313.827,27676846,17694189,83,4000000
Nearly Sorted,1000000,141.941,314.598,28358804,17698960,83,4000000
Nearly Sorted,1000000,141.343,312.681,28624582,17693586,83,4000000
Nearly Sorted,1000000,142.472,314.987,28474880,17692138,83,4000000
Nearly Sorted,1000000,144.876,316.611,29483017,17702811,83,4000000
Nearly Sorted,1000000,143.541,314.409,28501313,17689296,83,4000000
Nearly Sorted,1000000,139.282,314.072,27897687,17702662,83,4000000
Nearly Sorted,1000000,141.031,310.15,28294672,17694115,83,4000000
Nearly Sorted,1000000,139.127,310.211,27961828,17698511,83,4000000
Nearly Sorted,1000000,141.136,308.812,29085365,17692311,83,4000000
Nearly Sorted,1000000,142.088,308.309,29696207,17687076,83,4000000
Nearly Sorted,1000000,141.043,308.242,28578279,17696730,83,4000000
Nearly Sorted,1000000,139.94,309.723,27948338,17692767,83,4000000
Nearly Sorted,1000000,142.755,316.99,28638511,17694147,83,4000000
Nearly Sorted,1000000,146.47,327.305,29047721,17695607,83,4000000
Nearly Sorted,1000000,142.347,313.384,27868625,17685644,83,4000000
Nearly Sorted,1000000,141.416,312.168,28030453,17691333,83,4000000
Nearly Sorted,1000000,140.783,308.013,28853388,17691334,83,4000000
Nearly Sorted,1000000,141.492,309.456,28614310,17704153,83,4000000
Nearly Sorted,1000000,139.918,311.629,28115949,17693709,83,4000000
Nearly Sorted,1000000,141.238,311.29,28406599,17705624,83,4000000
Nearly Sorted,1000000,145.057,310.947,29783906,17685349,83,4000000
Nearly Sorted,1000000,141.501,311.701,28400099,17702064,83,4000000
Nearly Sorted,1000000,141.19,312.098,28102276,17702633,83,4000000
Nearly Sorted,1000000,149.481,316.937,30167740,17698154,83,4000000
Nearly Sorted,1000000,143.567,317.207,28034887,17690882,83,4000000
Nearly Sorted,1000000,141.8,332.577,28426804,17700132,83,4000000
Nearly Sorted,1000000,143.593,310.886,29103939,17694257,83,4000000
Nearly Sorted,1000000,140.876,309.931,29043447,17677509,83,4000000
Nearly Sorted,1000000,139.943,314.686,27991835,17700436,83,4000000
Nearly Sorted,1000000,143.222,312.42,28503924,17695308,83,4000000
Nearly Sorted,1000000,139.23,309.467,28083432,17687347,83,4000000
Nearly Sorted,1000000,140.047,308.691,28542405,17702345,83,4000000
Nearly Sorted,1000000,138.379,311.106,27851396,17682111,83,4000000
Nearly Sorted,1000000,139.828,311.48,28123646,17696864,83,4000000
Nearly Sorted,1000000,143.162,313.132,28717827,17700381,83,4000000
Nearly Sorted,1000000,142.527,332.035,28027107,17695769,83,4000000
Nearly Sorted,1000000,140.75,313.541,28155050,17699298,83,4000000
Nearly Sorted,1000000,144.22,313.198,30224010,17700353,83,4000000
Nearly Sorted,1000000,141.768,310.446,28648720,17698724,83,4000000
Nearly Sorted,1000000,140.888,309.099,28169112,17694345,83,4000000
Nearly Sorted,1000000,142.637,312,29154338,17702088,83,4000000
Nearly Sorted,1000000,140.566,312.373,28324159,17684749,83,4000000
Nearly Sorted,1000000,141.707,307.019,28732626,17681150,83,4000000
Nearly Sorted,1000000,140.488,314.977,28449462,17684367,83,4000000
Nearly Sorted,1000000,140.193,310.125,28184398,17686289,83,4000000
Nearly Sorted,1000000,142.993,314.443,29029693,17696281,83,4000000
Nearly Sorted,1000000,143.241,314.456,28750691,17695055,83,4000000
Nearly Sorted,1000000,145.065,311.907,29958089,17704173,83,4000000
Nearly Sorted,1000000,142.793,309.776,29042304,17696243,83,4000000
Nearly Sorted,1000000,139.455,308.216,27378719,17691671,83,4000000
Nearly Sorted,1000000,141.696,308.371,28606666,17697610,83,4000000
Nearly Sorted,1000000,142.031,310.693,28831259,17696644,83,4000000
Nearly Sorted,1000000,140.247,306.81,28131367,17686703,83,4000000
Nearly Sorted,1000000,140.625,312.755,27831354,17702992,83,4000000
Nearly Sorted,1000000,145.017,311.796,29116920,17697929,83,4000000
Nearly Sorted,1000000,141.597,310.893,28933835,17695426,83,4000000
Nearly Sorted,1000000,141.293,313.366,28186154,17697876,83,4000000
Nearly Sorted,1000000,155.902,331.128,29247122,17701930,83,4000000
Nearly Sorted,1000000,141.061,312.128,28593978,17676365,83,4000000
Nearly Sorted,1000000,139.416,307.403,28289015,17696770,83,4000000
Nearly Sorted,1000000,141.597,318.538,28323873,17707400,83,4000000
Nearly Sorted,1000000,142.328,312.661,29755275,17692577,83,4000000
Nearly Sorted,1000000,141.024,308.358,28202609,17693328,83,4000000
Nearly Sorted,1000000,140.97,311.209,28743870,17682134,83,4000000
Nearly Sorted,1000000,140.241,306.643,28483899,17702012,83,4000000
Nearly Sorted,1000000,142.218,309.323,29505229,17693710,83,4000000
Nearly Sorted,1000000,140.788,310.346,28492970,17700359,83,4000000
Nearly Sorted,1000000,141.321,311.948,27935543,17696783,83,4000000
Nearly Sorted,1000000,146.223,315.147,28782916,17695702,83,4000000
Nearly Sorted,1000000,142.507,309.584,29415290,17694692,83,4000000
Nearly Sorted,1000000,140.388,312.425,28560156,17681528,83,4000000
Nearly Sorted,1000000,141.919,312.154,28797963,17694768,83,4000000
Nearly Sorted,1000000,141.098,306.408,29131053,17694403,83,4000000
Nearly Sorted,1000000,138.432,308.783,27891484,17696007,83,4000000
Nearly Sorted,1000000,141.716,307.478,29503354,17687109,83,4000000
Nearly Sorted,1000000,143.034,307.145,29017073,17704637,83,4000000
Nearly Sorted,1000000,141.355,307.053,28901927,17688752,83,4000000
Nearly Sorted,1000000,140.258,309.844,28162088,17690753,83,4000000
Nearly Sorted,1000000,155.362,313.995,28492670,17699389,83,4000000
Nearly Sorted,1000000,143.126,317.621,28431074,17693784,83,4000000
Nearly Sorted,1000000,141.073,313.529,29057347,17690813,83,4000000
Nearly Sorted,1000000,140.04,316.063,28382099,17681522,83,4000000
Nearly Sorted,1000000,142.136,306.584,29410253,17697854,83,4000000
Nearly Sorted,1000000,139.945,311.851,28381396,17683172,83,4000000
Nearly Sorted,1000000,138.885,307.27,28247580,17690422,83,4000000
Nearly Sorted,1000000,138.56,307.732,28028187,17691420,83,4000000
Nearly Sorted,1000000,141.896,306.073,28768536,17696112,83,4000000
Nearly Sorted,1000000,139.57,309.515,27927997,17701241,83,4000000
Nearly Sorted,1000000,142.185,312.667,28769965,17699955,83,4000000
Nearly Sorted,1000000,140.517,312.478,28110422,17692194,83,4000000
Nearly Sorted,1000000,141.358,310.219,28186434,17698260,83,4000000
Nearly Sorted,1000000,146.531,312.306,29903109,17702411,83,4000000
Nearly Sorted,1000000,145.121,311.879,30553115,17696242,83,4000000
Nearly Sorted,1000000,138.048,311.464,28258440,17691332,83,4000000
Nearly Sorted,1000000,139.447,308.514,28293182,17693209,83,4000000
Nearly Sorted,1000000,140.635,307.056,28982989,17683211,83,4000000
Nearly Sorted,1000000,140.818,310.782,28615216,17704865,83,4000000
Nearly Sorted,1000000,142.252,314.444,29016251,17692062,83,4000000
Nearly Sorted,1000000,142.252,307.493,29281473,17698636,83,4000000
Nearly Sorted,1000000,142.072,309.232,29518392,17705416,83,4000000
Nearly Sorted,1000000,152.083,324.057,27358197,17682652,83,4000000
Nearly Sorted,1000000,139.919,310.721,28101944,17696902,83,4000000
Nearly Sorted,1000000,141.379,313.134,29049835,17694673,83,4000000
Nearly Sorted,1000000,139.313,308.696,28210628,17702836,83,4000000
Nearly Sorted,1000000,139.229,314.039,27983211,17694963,83,4000000
Nearly Sorted,1000000,137.992,312.523,27649199,17702076,83,4000000
Nearly Sorted,1000000,141.496,307.371,29475102,17677817,83,4000000
Nearly Sorted,1000000,140.64,310.827,28528924,17695207,83,4000000
Nearly Sorted,1000000,139.344,310.02,28172746,17694011,83,4000000
Nearly Sorted,1000000,139.532,306.781,27986069,17690755,83,4000000
Nearly Sorted,1000000,139.333,305.933,28323951,17692133,83,4000000
Nearly Sorted,1000000,143.66,311.948,28538618,17685222,83,4000000
Nearly Sorted,1000000,142.239,313.056,28126788,17697357,83,4000000
Nearly Sorted,1000000,140.184,312.243,28466866,17697924,83,4000000
Nearly Sorted,1000000,139.331,308.991,28471886,17680926,83,4000000
Nearly Sorted,1000000,141.387,313.724,28668117,17695783,83,4000000
Nearly Sorted,1000000,143.983,312.162,29995209,17695771,83,4000000
Nearly Sorted,1000000,140.39,309.995,28098791,17699072,83,4000000
Nearly Sorted,1000000,140.927,311.66,28525537,17694454,83,4000000
Nearly Sorted,1000000,141.06,311.251,28580851,17691503,83,4000000
Nearly Sorted,1000000,141.534,313.522,28370912,17698489,83,4000000
Nearly Sorted,1000000,144.76,314.232,28076621,17698840,83,4000000
Nearly Sorted,1000000,144.21,332.979,28917848,17692214,83,4000000
Nearly Sorted,1000000,147.285,316.266,29510142,17681070,83,4000000
Nearly Sorted,1000000,145.843,318.399,28854326,17702676,83,4000000
Nearly Sorted,1000000,140.834,314.824,28153827,17698971,83,4000000
Nearly Sorted,1000000,139.045,311.824,27865285,17690082,83,4000000
Nearly Sorted,1000000,140.405,309.216,28099511,17685812,83,4000000
Nearly Sorted,1000000,140.192,309.751,28391046,17690034,83,4000000
Nearly Sorted,1000000,143.752,320.572,29500073,17695057,83,4000000
Nearly Sorted,1000000,142.697,311.153,29095789,17688381,83,4000000
Nearly Sorted,1000000,140.988,309.463,29526013,17684869,83,4000000
Nearly Sorted,1000000,143.482,309.088,28658181,17678195,83,4000000
Nearly Sorted,1000000,145.565,313.313,28679338,17697536,83,4000000
Nearly Sorted,1000000,141.12,311.128,28368739,17686786,83,4000000
Nearly Sorted,1000000,141.463,316.029,28085946,17692160,83,4000000
Nearly Sorted,1000000,144.581,313.987,29455029,17708549,83,4000000
Nearly Sorted,1000000,140.179,311.647,28181791,17691371,83,4000000
Nearly Sorted,1000000,142.882,308.637,29645828,17688541,83,4000000
Nearly Sorted,1000000,142.695,308.189,28650595,17696357,83,4000000
Nearly Sorted,1000000,142.675,312.082,29222220,17691822,83,4000000
Nearly Sorted,1000000,139.956,310.825,27747833,17688804,83,4000000
